tl,exp,sex,gills
226,N,U,U
247,N,U,PEC
275,Y,F,PEC
271,N,U,PEC
245,Y,F,U
255,N,U,PEC
220,N,U,OB
245,N,U,PEC
285,Y,F,PEC
264,N,U,PEC
260,N,U,PEC
248,Y,F,PEC
247,N,U,OB
246,N,U,OB
239,N,U,PEC
258,N,U,PEC
231,N,U,PEC
275,N,U,OB
303,Y,F,PEC
305,N,U,PEC
285,N,U,PEC
304,Y,F,PEC
263,N,U,OB
302,Y,F,OB
288,N,U,PEC
298,N,U,OB
272,Y,F,PEC
277,Y,F,PEC
270,N,U,PEC
271,Y,F,PEC
277,Y,F,PEC
270,Y,F,PEC
272,Y,F,PEC
266,Y,M,PEC
260,Y,M,PEC
266,Y,M,PEC
264,Y,F,PEC
272,N,U,OB
340,Y,F,PEC
334,Y,F,OB
330,Y,F,PEC
347,N,U,PEC
343,Y,F,PEC
275,Y,M,PEC
265,Y,M,PEC
274,Y,F,PEC
268,Y,M,PEC
280,Y,M,PEC
260,Y,M,PEC
279,N,U,OB
254,Y,M,PEC
270,N,U,OB
287,Y,F,PEC
305,N,U,PEC
272,Y,F,PEC
271,Y,F,PEC
263,Y,F,PEC
277,Y,F,PEC
266,Y,F,PEC
264,N,U,PEC
288,Y,F,PEC
278,N,U,PEC
255,Y,M,PEC
270,Y,F,PEC
277,Y,F,PEC
278,Y,M,PEC
232,N,U,PEC
249,N,U,PEC
248,N,U,PEC
243,N,U,PEC
277,Y,F,PEC
262,Y,M,PEC
243,Y,M,PEC
259,Y,F,PEC
254,Y,M,PEC
243,Y,F,PEC
251,Y,F,PEC
259,Y,F,PEC
252,Y,M,PEC
266,Y,F,PEC
235,N,U,PEC
244,Y,M,PEC
229,N,U,PEC
247,Y,F,PEC
243,N,U,PEC
239,N,U,PEC
232,N,U,PEC
261,Y,F,PEC
212,N,U,PEC
242,N,U,PEC
273,N,U,HYB
247,N,U,PEC
310,Y,F,OB
260,N,U,PEC
253,Y,F,PEC
252,N,U,PEC
264,N,U,OB
327,Y,F,PEC
302,Y,F,PEC
321,Y,F,PEC
292,Y,F,OB
346,Y,F,PEC
294,Y,F,PEC
308,Y,F,PEC
297,Y,F,PEC
279,Y,F,PEC
323,Y,F,PEC
283,Y,F,PEC
298,Y,F,PEC
327,Y,F,PEC
356,Y,F,PEC
295,Y,F,PEC
303,Y,F,PEC
324,Y,F,PEC
308,Y,M,PEC
327,Y,F,PEC
288,N,U,OB
300,Y,M,OB
305,Y,F,PEC
284,N,U,OB
299,Y,F,PEC
299,Y,F,PEC
298,Y,F,PEC
300,Y,F,PEC
299,N,U,HYB
270,Y,F,PEC
279,Y,F,PEC
272,Y,F,PEC
235,N,U,PEC
275,Y,F,PEC
263,Y,M,PEC
274,Y,F,PEC
287,Y,F,PEC
280,Y,F,PEC
263,Y,M,PEC
285,Y,F,PEC
292,Y,F,PEC
276,Y,F,PEC
280,Y,F,PEC
277,Y,M,PEC
262,Y,M,PEC
271,Y,M,PEC
265,Y,M,PEC
270,Y,M,PEC
265,Y,F,PEC
240,N,U,PEC
234,N,U,PEC
267,Y,M,PEC
265,Y,M,PEC
275,Y,F,PEC
340,Y,F,PEC
305,Y,F,PEC
346,Y,F,PEC
345,Y,F,PEC
315,Y,F,PEC
340,Y,F,PEC
250,N,U,PEC
340,Y,F,PEC
330,Y,F,PEC
234,N,U,PEC
335,Y,F,PEC
325,N,U,OB
320,Y,F,OB
345,Y,F,PEC
314,Y,M,OB
290,Y,M,PEC
240,Y,M,PEC
235,N,M,PEC
250,Y,F,PEC
290,Y,M,PEC
260,Y,M,PEC
310,Y,F,PEC
265,Y,F,PEC
261,Y,F,PEC
270,Y,M,PEC
177,N,U,PEC
334,N,U,PEC
255,N,U,PEC
325,Y,M,OB
352,Y,F,PEC
318,Y,F,PEC
335,Y,F,PEC
330,Y,F,OB
225,N,U,PEC
318,Y,F,OB
227,N,U,PEC
324,N,U,OB
253,N,U,PEC
281,Y,F,PEC
213,N,U,OB
290,Y,M,OB
319,Y,F,OB
301,Y,F,PEC
308,N,U,OB
177,N,U,PEC
280,Y,F,PEC
290,Y,M,PEC
290,Y,F,PEC
237,N,U,PEC
226,N,U,PEC
232,N,U,PEC
231,N,U,PEC
262,y,M,PEC
240,N,U,PEC
213,N,U,PEC
223,N,U,PEC
155,N,U,PEC
286,Y,F,PEC
386,Y,F,PEC
297,Y,F,OB
310,N,U,OB
337,Y,F,PEC
324,Y,F,PEC
324,N,U,HYB
318,Y,F,PEC
306,Y,M,OB
327,Y,F,PEC
315,Y,F,OB
318,N,U,PEC
310,Y,F,PEC
333,Y,F,PEC
310,Y,F,PEC
317,Y,F,PEC
285,Y,F,PEC
310,Y,F,PEC
315,Y,M,OB
330,N,U,PEC
303,Y,F,PEC
303,Y,F,PEC
314, Y,F,OB
332,Y,F,PEC
322,Y,F,PEC
366,N,U,OB
344,Y,F,PEC
370,Y,F,PEC
330,Y,F,PEC
276,Y,F,PEC
274,Y,M,PEC
278,Y,F,PEC
269,Y,F,PEC
264,N,U,PEC
240,N,U,PEC
267,Y,M,PEC
267,Y,F,PEC
286,Y,F,PEC
286,Y,F,PEC
276,Y,F,PEC
297,N,U,PEC
324,N,U,PEC
280,Y,M,PEC
277,Y,F,PEC
254,N,U,PEC
277,Y,F,PEC
273,Y,F,PEC
286,Y,M,PEC
264,Y,M,PEC
326,Y,F,PEC
265,Y,F,PEC
305,Y,F,PEC
256,N,U,PEC
268,Y,M,PEC
277,Y,M,PEC
255,Y,M,PEC
256,N,U,PEC
269,Y,M,PEC
271,Y,F,PEC
256,N,U,OB
169,N,U,OB
172,N,U,PEC
156,N,U,OB
242,N,U,PEC
234,N,U,PEC
228,Y,F,PEC
311,N,U,OB
308,Y,F,OB
331,Y,F,OB
250,N,U,U
336,N,U,OB
347,Y,F,OB
346,Y,F,OB
324,N,U,OB
331,Y,F,OB
354,Y,F,HYB
302,Y,M,OB
316,Y,F,OB
305,N,U,OB
303,Y,M,OB
298,Y,M,OB
309,Y,M,PEC
320,Y,M,PEC
328,Y,F,PEC
314,Y,M,PEC
305,Y,M,HYB
304,Y,M,OB
314,Y,M,OB
320,Y,M,OB
326,Y,F,PEC
314,Y,F,PEC
265,N,U,PEC
317,N,U,OB
313,Y,M,PEC
308,Y,M,OB
305,Y,F,PEC
337,Y,F,PEC
342,Y,F,PEC
340,Y,F,PEC
290,Y,M,PEC
270,Y,M,PEC
300,Y,F,PEC
287,Y,F,PEC
273,Y,F,PEC
274,Y,M,PEC
271,Y,F,PEC
274,Y,F,PEC
282,Y,F,PEC
307,Y,F,PEC
286,Y,F,PEC
295,Y,M,PEC
263,Y,F,PEC
286,Y,F,PEC
325,Y,F,OB
272,Y,M,PEC
265,Y,F,PEC
320,Y,F,PEC
305,Y,M,OB
286,Y,M,PEC
278,Y,F,PEC
284,Y,M,PEC
256,Y,M,PEC
266,Y,F,PEC
250,Y,M,PEC
295,N,U,PEC
276,Y,M,PEC
253,Y,M,PEC
247,Y,M,PEC
270,Y,M,PEC
268,Y,M,PEC
321,Y,F,OB
321,Y,F,PEC
332,Y,F,PEC
335,Y,F,OB
300,Y,M,PEC
334,Y,F,PEC
326,Y,F,PEC
311,Y,M,HYB
276,Y,M,PEC
292,Y,M,PEC
308,Y,M,PEC
283,Y,M,PEC
321,Y,F,PEC
346,N,U,OB
290,Y,M,OB
297,Y,M,OB
320,Y,M,OB
320,Y,F,OB
335,Y,F,PEC
280,Y,M,PEC
321,Y,F,OB
323,Y,F,PEC
320,Y,F,PEC
336,Y,F,PEC
291,N,U,OB
286,Y,M,HYB
285,Y,M,PEC
252,N,U,PEC
336,Y,F,PEC
232,N,U,PEC
212,N,U,PEC
305,N,U,PEC
321,Y,F,PEC
345,Y,F,PEC
223,N,U,OB
175,N,U,PEC
260,N,U,OB
310,Y,F,PEC
215,N,U,OB
215,N,U,OB
214,N,U,PEC
310,Y,M,OB
322,Y,F,OB
310,Y,M,HYB
330,Y,M,PEC
296,Y,M,PEC
311,Y,M,PEC
299,Y,F,PEC
318,Y,M,PEC
339,Y,F,PEC
312,Y,M,PEC
316,Y,M,PEC
322,Y,M,PEC
311,Y,F,PEC
324,Y,M,OB
320,Y,M,OB
329,Y,M,PEC
308,Y,M,OB
327,Y,F,OB
291,Y,M,PEC
293,Y,M,OB
316,Y,M,OB
345,Y,F,OB
307,Y,M,OB
298,Y,M,OB
326,Y,M,OB
310,Y,M,OB
334,Y,F,PEC
270,N,U,OB
299,Y,M,OB
303,Y,M,OB
293,Y,M,OB
307,Y,M,OB
317,Y,M,OB
287,Y,M,OB
356,Y,F,OB
311,Y,F,OB
296,Y,M,OB
351,Y,F,OB
345,Y,F,OB
276,N,U,OB
295,Y,F,PEC
309,Y,M,OB
260,Y,M,OB
275,Y,M,OB
278,Y,F,PEC
326,Y,F,OB
297,Y,M,PEC
298,Y,M,OB
317,Y,M,HYB
295,N,U,OB
260,N,U,OB
294,Y,M,OB
306,Y,M,OB
281,Y,M,PEC
306,N,U,PEC
285,N,U,OB
294,Y,F,PEC
300,Y,M,OB
280,Y,M,OB
294,Y,F,PEC
293,Y,M,OB
275,Y,F,PEC
360,Y,F,PEC
280,Y,M,PEC
256,Y,F,PEC
247,Y,M,PEC
257,Y,F,PEC
256,Y,M,PEC
260,Y,M,PEC
255,Y,F,PEC
277,Y,M,PEC
276,Y,F,PEC
266,Y,F,PEC
255,Y,M,PEC
263,N,U,PEC
257,Y,M,PEC
245,Y,M,PEC
235,Y,M,PEC
234,Y,M,PEC
269,Y,M,PEC
275,Y,F,PEC
235,Y,F,PEC
278,Y,F,PEC
245,Y,M,OB
304,Y,M,PEC
320,Y,M,OB
310,Y,M,PEC
346,Y,F,OB
319,Y,F,PEC
326,Y,M,OB
310,Y,M,PEC
312,Y,F,OB
292,Y,F,PEC
324,Y,F,PEC
307,Y,M,OB
310,Y,F,PEC
312,Y,F,PEC
275,Y,F,PEC
303,Y,F,PEC
289,Y,F,PEC
275,Y,F,PEC
272,N,U,PEC
327,N,U,PEC
362,Y,F,OB
244,N,U,PEC
356,Y,F,OB
213,N,U,PEC
360,Y,F,OB
160,N,U,U
155,N,U,U
349,Y,F,PEC
314,Y,F,PEC
334,Y,F,PEC
261,Y,F,PEC
326,Y,F,PEC
270,Y,M,OB
275,Y,F,PEC
296,Y,F,PEC
289,Y,F,PEC
276,Y,F,PEC
275,Y,F,PEC
285,Y,F,PEC
277,Y,M,PEC
270,N,U,PEC
222,N,U,PEC
216,N,U,PEC
243,N,U,PEC
260,Y,F,PEC
246,Y,F,PEC
257,N,U,PEC
256,Y,M,PEC
271,Y,F,PEC
257,Y,F,PEC
244,Y,M,PEC
244,Y,F,PEC
257,Y,F,PEC
234,Y,M,PEC
251,Y,M,PEC
212,Y,M,PEC
250,N,U,PEC
211,N,U,PEC
241,N,U,PEC
262,N,U,PEC
255,Y,M,PEC
255,Y,F,PEC
264,Y,F,PEC
226,Y,M,PEC
240,Y,F,PEC
268,Y,M,PEC
266,Y,M,PEC
263,N,U,PEC
232,N,U,PEC
235,Y,M,PEC
243,N,U,PEC
238,Y,M,PEC
257,Y,F,PEC
240,N,U,PEC
262,N,U,PEC
238,Y,F,PEC
262,Y,F,PEC
210,N,U,PEC
205,Y,F,OB
228,Y,M,PEC
266,N,U,PEC
240,Y,F,PEC
243,N,U,PEC
246,N,U,PEC
250,Y,M,PEC
260,N,U,PEC
276,Y,M,PEC
317,Y,F,OB
235,Y,F,PEC
266,N,U,PEC
253,N,U,PEC
228,N,U,PEC
246,Y,F,PEC
270,Y,F,PEC
255,Y,F,PEC
260,Y,M,PEC
245,Y,F,PEC
261,Y,F,PEC
243,N,U,PEC
264,N,U,PEC
264,N,U,PEC
261,Y,F,PEC
276,Y,F,PEC
224,N,U,PEC
240,Y,F,PEC
274,Y,F,PEC
242,N,U,PEC
225,N,U,PEC
237,N,U,PEC
250,N,U,PEC
246,N,U,PEC
257,N,U,PEC
263,N,U,PEC
240,Y,M,OB
258,N,U,PEC
263,Y,F,PEC
154,Y,F,OB
145,Y,M,PEC
165,Y,F,OB
181,N,U,PEC
305,Y,F,OB
337,Y,F,PEC
330,Y,F,PEC
305,Y,M,OB
330,Y,F,PEC
311,Y,F,PEC
320,Y,M,PEC
335,Y,F,HYB
327,N,U,PEC
310,Y,F,PEC
334,Y,F,PEC
356,Y,F,PEC
313,Y,F,PEC
326,Y,M,PEC
319,Y,F,OB
331,Y,F,PEC
294,Y,F,HYB
325,Y,M,OB
311,Y,F,PEC
311,Y,F,PEC
296,N,U,PEC
330,Y,F,PEC
332,Y,F,PEC
324,Y,F,PEC
320,Y,F,OB
322,N,U,PEC
309,Y,M,PEC
305,Y,F,PEC
335,Y,F,PEC
321,Y,M,OB
310,Y,M,PEC
322,Y,M,PEC
311,Y,F,PEC
307,Y,F,PEC
328,Y,F,PEC
312,Y,F,PEC
319,Y,F,PEC
355,Y,F,PEC
254,Y,F,PEC
351,Y,F,PEC
341,Y,F,PEC
271,Y,F,PEC
290,Y,F,PEC
276,Y,F,PEC
277,Y,F,PEC
270,Y,F,PEC
276,Y,F,PEC
257,Y,F,PEC
268,Y,F,PEC
277,Y,F,PEC
256,Y,F,PEC
271,Y,F,PEC
269,Y,F,PEC
270,Y,F,PEC
270,Y,F,PEC
268,Y,F,PEC
255,N,U,OB
257,Y,F,PEC
269,Y,F,PEC
330,Y,F,PEC
270,Y,F,PEC
295,Y,F,PEC
287,Y,F,PEC
296,Y,F,PEC
252,Y,F,PEC
272,Y,F,PEC
266,Y,F,PEC
287,N,U,PEC
275,Y,F,PEC
262,Y,F,PEC
272,Y,F,PEC
276,N,U,PEC
263,Y,F,PEC
261,N,U,PEC
261,Y,F,PEC
260,Y,F,PEC
278,Y,F,PEC
275,Y,F,PEC
256,N,U,PEC
252,Y,M,PEC
262,Y,F,PEC
275,Y,F,PEC
250,N,U,PEC
281,Y,F,PEC
255,Y,F,PEC
274,Y,F,PEC
210,N,U,PEC
151,N,U,PEC
220,N,U,PEC
181,N,U,PEC
223,N,U,PEC
253,Y,F,PEC
257,N,U,PEC
341,Y,M,OB
331,Y,F,PEC
330,Y,F,PEC
336,Y,M,PEC
325,Y,M,PEC
317,Y,F,PEC
316,Y,F,PEC
277,Y,F,PEC
207,N,U,PEC
306,Y,M,PEC
258,Y,F,PEC
244,Y,F,PEC
332,Y,F,PEC
282,Y,M,PEC
303,Y,M,PEC
210,N,U,PEC
256,Y,M,PEC
321,Y,M,PEC
272,Y,F,PEC
142,N,U,PEC
337,Y,F,PEC
164,N,U,PEC
236,Y,F,OB
280,N,U,PEC
270,Y,F,PEC
310,Y,M,PEC
320,Y,F,PEC
338,Y,M,PEC
329,Y,F,PEC
279,Y,F,PEC
313,Y,M,PEC
301,Y,F,OB
311,Y,M,PEC
305,Y,M,PEC
332,Y,F,PEC
318,Y,M,PEC
264,Y,F,PEC
302,Y,M,OB
304,Y,M,PEC
233,N,U,PEC
243,Y,M,PEC
258,Y,M,PEC
352,Y,F,OB
165,Y,F,OB
316,Y,M,PEC
299,Y,M,PEC
342,Y,F,PEC
272,Y,F,PEC
265,N,U,PEC
310,Y,M,PEC
266,Y,M,PEC
275,Y,M,PEC
325,Y,F,PEC
256,Y,M,PEC
265,N,U,PEC
241,Y,M,PEC
178,N,U,PEC
269,Y,F,PEC
271,Y,F,PEC
260,Y,F,OB
218,N,U,U
164,N,U,PEC
230,Y,F,PEC
254,Y,M,PEC
212,Y,F,PEC
251,Y,M,PEC
342,Y,F,PEC
327,Y,M,PEC
312,Y,F,OB
336,Y,F,PEC
256,Y,F,PEC
327,Y,F,OB
330,Y,M,PEC
331,Y,F,PEC
315,Y,M,PEC
313,Y,M,OB
296,Y,M,PEC
282,Y,M,PEC
286,Y,M,PEC
294,Y,M,PEC
285,Y,F,PEC
262,Y,F,PEC
265,N,U,PEC
298,Y,M,PEC
290,Y,M,PEC
304,N,U,PEC
260,Y,M,PEC
324,Y,F,PEC
280,Y,M,OB
314,Y,M,PEC
328,Y,F,PEC
323,Y,F,PEC
269,Y,F,PEC
283,Y,M,PEC
301,Y,F,PEC
265,N,U,PEC
295,Y,F,PEC
261,Y,M,PEC
255,N,U,PEC
256,Y,M,PEC
252,Y,M,PEC
255,Y,M,PEC
250,Y,M,PEC
245,Y,M,PEC
262,Y,M,PEC
263,Y,M,PEC
245,N,U,PEC
258,Y,M,PEC
257,Y,M,PEC
206,Y,F,PEC
253,Y,M,PEC
271,Y,M,PEC
270,Y,M,PEC
338,Y,F,PEC
340,Y,F,OB
395,Y,F,PEC
346,Y,F,OB
366,Y,F,PEC
310,Y,M,PEC
296,Y,M,PEC
150,Y,F,PEC
166,N,U,PEC
181,N,U,PEC
165,Y,M,PEC
156,N,U,PEC
174,Y,F,PEC
175,N,U,PEC
170,N,U,PEC
332,Y,F,PEC
338,Y,F,PEC
350,Y,F,PEC
315,Y,F,OB
310,Y,F,PEC
330,Y,M,OB
327,N,U,OB
332,Y,F,PEC
311,Y,M,OB
323,Y,M,OB
316,Y,M,OB
327,Y,M,OB
312,Y,F,OB
322,N,U,PEC
325,Y,F,HYB
325,Y,F,OB
296,Y,M,OB
315,Y,F,OB
329,Y,F,OB
327,Y,M,OB
312,Y,F,PEC
313,Y,F,OB
315,Y,F,HYB
334,N,U,OB
366,Y,F,OB
346,Y,F,PEC
355,Y,F,HYB
346,Y,F,PEC
286,Y,F,PEC
293,Y,F,PEC
254,N,U,OB
272,Y,F,PEC
271,Y,M,PEC
252,Y,M,PEC
246,N,U,OB
294,Y,F,PEC
266,N,U,PEC
266,Y,M,OB
282,Y,M,OB
312,Y,M,OB
261,Y,F,PEC
275,Y,F,PEC
313,N,U,HYB
245,Y,M,PEC
274,Y,M,PEC
266,Y,M,PEC
285,Y,F,PEC
267,Y,F,PEC
267,Y,F,PEC
315,Y,F,PEC
274,Y,F,PEC
279,Y,F,PEC
302,Y,F,OB
271,Y,F,PEC
264,Y,F,PEC
245,N,U,OB
226,Y,F,OB
260,Y,F,PEC
245,Y,M,PEC
267,Y,M,PEC
241,Y,M,PEC
221,N,U,PEC
256,Y,M,PEC
257,Y,M,PEC
223,Y,M,PEC
258,Y,M,PEC
259,Y,M,PEC
256,Y,M,PEC
250,Y,M,PEC
241,N,U,OB
260,Y,M,PEC
246,Y,M,PEC
250,Y,M,PEC
266,Y,F,PEC
206,N,U,PEC
262,Y,M,PEC
236,N,U,OB
265,Y,M,PEC
235,Y,F,PEC
253,Y,M,PEC
263,Y,M,PEC
303,Y,F,PEC
262,N,U,OB
160,N,U,OB
365,Y,F,OB
265,Y,M,PEC
350,N,U,OB
356,Y,F,OB
325,Y,M,OB
269,Y,M,PEC
273,Y,M,PEC
245,N,U,PEC
356,Y,F,OB
242,Y,M,PEC
370,Y,F,OB
300,Y,M,OB
259,N,U,PEC
275,N,U,PEC
290,Y,M,PEC
256,N,U,PEC
362,Y,F,OB
210,N,U,OB
317,Y,F,OB
340,Y,F,OB
306,Y,M,OB
285,Y,F,PEC
263,Y,M,PEC
255,Y,F,PEC
333,Y,M,PEC
289,Y,F,PEC
198,N,U,OB
261,Y,M,PEC
280,N,U,PEC
337,Y,F,OB
266,Y,F,PEC
236,Y,M,PEC
352,Y,F,OB
287,Y,M,OB
308,Y,M,OB
361,Y,F,OB
294,Y,M,OB
274,Y,M,PEC
302,Y,M,OB
326,Y,F,OB
280,Y,M,PEC
326,Y,F,PEC
276,Y,M,PEC
285,Y,M,PEC
265,Y,M,PEC
340,N,U,PEC
332,Y,F,PEC
275,N,U,PEC
270,Y,F,PEC
277,Y,M,PEC
282,Y,M,PEC
307,Y,F,PEC
273,Y,F,OB
297,Y,F,OB
284,Y,F,PEC
274,Y,M,PEC
283,Y,F,PEC
268,N,U,PEC
307,Y,M,OB
288,Y,M,PEC
284,Y,M,PEC
267,N,U,PEC
318,Y,M,OB
262,Y,F,PEC
284,Y,F,PEC
262,N,U,PEC
189,N,U,OB
287,Y,F,PEC
305,Y,M,OB
305,Y,M,OB
317,Y,F,PEC
265,N,U,PEC
320,Y,M,OB
336,Y,F,PEC
225,Y,M,OB
329,Y,F,OB
229,Y,F,OB
217,N,U,PEC
324,Y,M,OB
345,Y,F,PEC
256,Y,F,PEC
327,Y,F,PEC
335,Y,F,PEC
325,Y,F,OB
256,Y,F,PEC
340,N,U,OB
215,Y,M,OB
326,Y,M,OB
289,Y,F,PEC
332,Y,F,OB
317,Y,M,OB
262,Y,M,PEC
346,Y,F,OB
276,Y,F,PEC
257,Y,M,PEC
170,N,U,PEC
284,Y,F,PEC
267,N,U,PEC
356,Y,F,PEC
341,N,U,OB
330,Y,F,OB
340,Y,F,OB
262,Y,M,PEC
260,Y,M,PEC
340,Y,F,OB
325,Y,M,OB
241,N,U,PEC
317,Y,M,OB
276,Y,M,PEC
319,Y,F,OB
330,Y,F,OB
336,Y,F,OB
310,Y,F,OB
324,Y,F,HYB
320,Y,M,OB
239,Y,F,PEC
221,N,U,U
322,Y,M,OB
164,N,U,PEC
175,N,U,PEC
176,N,U,PEC
161,N,U,PEC
163,N,U,PEC
150,N,U,PEC
176,N,U,PEC
167,N,U,PEC
176,N,U,PEC
225,N,U,OB
210,N,U,OB
315,Y,M,OB
318,Y,M,OB
309,Y,M,HYB
313,Y,M,OB
330,Y,M,OB
300,Y,M,OB
320,Y,M,HYB
301,Y,M,OB
327,Y,M,OB
321,Y,M,OB
322,Y,M,OB
315,Y,M,OB
319,Y,M,PEC
305,N,U,OB
321,Y,M,OB
292,Y,M,OB
341,Y,F,OB
326,Y,M,OB
298,Y,M,OB
330,N,U,HYB
291,Y,M,OB
302,N,U,OB
326,Y,M,OB
317,N,U,OB
331,N,U,OB
325,Y,M,OB
308,Y,M,OB
314,Y,M,OB
317,N,U,OB
304,Y,M,OB
304,Y,M,PEC
311,Y,M,OB
314,Y,M,OB
336,Y,F,OB
305,Y,F,PEC
317,Y,F,OB
315,Y,M,OB
318,Y,F,OB
302,Y,M,OB
321,Y,M,OB
313,Y,M,OB
290,Y,M,OB
307,Y,M,HYB
319,Y,M,OB
312,Y,M,OB
362,Y,F,OB
339,N,U,OB
320,Y,M,OB
324,Y,M,OB
318,Y,F,OB
306,Y,M,OB
317,Y,M,OB
296,Y,M,OB
334,Y,M,OB
334,Y,F,OB
298,Y,M,OB
355,Y,F,OB
317,Y,M,OB
301,Y,M,OB
315,Y,M,OB
316,Y,M,OB
345,Y,F,OB
311,Y,M,HYB
325,Y,F,OB
329,Y,M,PEC
317,Y,M,OB
322,Y,M,OB
291,Y,M,OB
312,Y,M,HYB
336,Y,M,OB
334,Y,F,PEC
312,Y,M,OB
291,Y,M,OB
330,Y,M,OB
323,Y,M,OB
280,Y,F,PEC
293,Y,M,HYB
336,Y,F,PEC
307,Y,M,HYB
304,Y,M,OB
297,Y,M,OB
276,Y,M,OB
300,Y,M,OB
257,N,U,PEC
306,Y,M,OB
296,Y,M,OB
266,Y,M,OB
276,Y,F,PEC
290,Y,F,HYB
311,Y,M,OB
303,Y,M,OB
296,Y,M,OB
293,Y,M,OB
280,Y,M,OB
300,Y,M,HYB
306,Y,M,OB
296,Y,M,OB
262,Y,M,PEC
294,Y,M,OB
292,Y,M,OB
297,Y,M,OB
275,Y,M,PEC
327,N,U,OB
286,Y,M,OB
290,Y,M,PEC
318,Y,M,OB
267,Y,M,OB
251,Y,F,PEC
291,Y,M,OB
307,Y,M,OB
285,Y,M,PEC
267,Y,M,OB
280,Y,M,OB
301,Y,M,OB
296,Y,M,HYB
280,Y,F,PEC
313,Y,M,OB
300,Y,M,OB
287,Y,M,OB
336,Y,F,OB
293,Y,M,OB
293,Y,M,OB
310,Y,M,OB
262,Y,M,OB
298,Y,M,PEC
280,Y,F,HYB
302,Y,M,OB
273,Y,M,OB
255,Y,F,PEC
300,Y,M,OB
285,Y,M,PEC
285,Y,M,OB
315,Y,M,HYB
320,Y,M,OB
280,Y,M,OB
300,Y,M,OB
271,Y,M,OB
272,N,U,PEC
271,N,U,PEC
312,Y,M,HYB
316,Y,M,HYB
271,Y,M,HYB
269,Y,F,PEC
287,Y,M,OB
310,Y,M,OB
310,Y,M,OB
294,Y,M,OB
271,N,U,PEC
282,Y,M,OB
297,Y,M,OB
283,Y,M,HYB
302,N,U,OB
270,N,U,PEC
293,Y,M,HYB
292,Y,M,OB
297,Y,F,PEC
294,Y,M,HYB
271,Y,M,OB
320,Y,M,HYB
285,Y,M,OB
350,Y,F,OB
345,Y,F,PEC
374,Y,F,OB
336,Y,F,PEC
345,Y,F,OB
302,Y,M,OB
297,Y,F,PEC
281,Y,F,PEC
323,Y,M,PEC
273,N,U,PEC
275,Y,F,PEC
280,N,U,PEC
270,Y,M,PEC
317,Y,M,OB
301,Y,F,PEC
309,Y,M,OB
305,Y,M,HYB
317,Y,M,HYB
213,Y,M,OB
320,Y,F,OB
262,Y,M,PEC
286,Y,M,PEC
301,Y,M,OB
272,Y,M,PEC
282,Y,M,OB
271,Y,F,PEC
312,Y,F,PEC
304,N,U,PEC
310,Y,M,OB
319,Y,F,PEC
299,Y,M,OB
268,N,U,PEC
297,N,U,PEC
285,N,U,OB
263,N,U,OB
284,Y,F,HYB
286,Y,M,OB
279,Y,F,PEC
270,Y,F,PEC
301,Y,F,HYB
253,Y,M,PEC
277,Y,F,PEC
256,Y,M,PEC
256,N,U,PEC
268,Y,F,PEC
253,N,U,PEC
260,Y,M,PEC
257,N,U,PEC
249,Y,M,PEC
272,Y,M,PEC
270,Y,M,PEC
235,N,U,PEC
214,N,U,OB
252,N,U,PEC
249,Y,M,PEC
259,Y,M,PEC
260,N,U,PEC
245,Y,M,PEC
255,Y,M,PEC
246,Y,M,PEC
253,Y,M,U
248,Y,F,OB
235,Y,M,OB
259,Y,M,PEC
253,Y,M,PEC
273,Y,M,PEC
274,Y,F,PEC
294,Y,F,PEC
266,Y,M,PEC
271,Y,M,PEC
270,Y,F,PEC
258,Y,M,PEC
229,Y,M,PEC
270,Y,M,PEC
274,Y,F,PEC
240,Y,M,PEC
268,Y,F,PEC
240,Y,M,OB
249,Y,M,PEC
247,Y,M,PEC
263,Y,M,PEC
280,Y,M,PEC
217,N,U,OB
231,Y,M,PEC
252,Y,M,PEC
246,N,U,PEC
317,Y,F,OB
185,Y,M,PEC
156,N,U,OB
179,Y,M,PEC
342,Y,F,OB
272,Y,M,PEC
290,Y,M,PEC
245,Y,M,PEC
258,Y,M,PEC
259,Y,M,PEC
282,N,U,PEC
173,N,U,PEC
178,Y,M,HYB
307,Y,M,PEC
341,Y,F,PEC
315,Y,M,PEC
330,Y,F,PEC
319,Y,F,PEC
318,Y,F,PEC
313,Y,M,PEC
325,N,U,PEC
340,Y,F,U
240,Y,M,PEC
320,Y,F,PEC
310,Y,F,PEC
311,Y,F,PEC
332,Y,F,PEC
233,Y,M,PEC
290,Y,F,PEC
313,Y,F,OB
337,Y,F,PEC
335,Y,F,PEC
320,Y,F,PEC
321,Y,F,PEC
326,Y,F,PEC
316,Y,M,PEC
313,Y,F,PEC
302,Y,F,PEC
256,Y,M,PEC
168,N,U,PEC
161,N,U,PEC
219,N,U,HYB
170,N,U,PEC
204,N,U,HYB
172,N,U,HYB
286,Y,M,HYB
264,N,U,PEC
315,Y,M,HYB
281,Y,M,OB
309,Y,M,HYB
291,Y,M,OB
326,Y,M,OB
284,Y,M,HYB
293,Y,M,HYB
288,Y,M,HYB
279,Y,M,PEC
289,Y,M,PEC
269,Y,M,PEC
278,Y,M,PEC
248,N,U,PEC
277,Y,F,PEC
322,Y,M,OB
300,Y,M,OB
293,Y,M,PEC
295,Y,M,OB
303,Y,M,OB
280,Y,M,OB
264,Y,M,PEC
326,Y,M,OB
269,Y,M,PEC
269,Y,M,HYB
299,Y,M,OB
315,Y,M,OB
286,Y,M,OB
263,Y,F,PEC
268,Y,F,PEC
330,Y,M,HYB
266,N,U,PEC
292,Y,M,HYB
279,Y,F,PEC
305,Y,M,HYB
296,Y,M,PEC
305,Y,M,OB
289,Y,M,HYB
307,Y,M,HYB
279,Y,M,HYB
305,Y,F,OB
299,Y,M,OB
306,Y,M,OB
293,N,U,HYB
293,Y,M,PEC
339,Y,F,OB
303,Y,M,OB
297,Y,M,OB
311,Y,M,OB
291,Y,M,HYB
256,Y,M,OB
294,Y,M,HYB
283,Y,F,PEC
287,Y,M,OB
296,Y,M,OB
285,Y,M,OB
295,Y,M,OB
284,Y,M,OB
298,Y,M,OB
315,Y,M,OB
290,Y,F,PEC
268,Y,M,PEC
292,Y,M,OB
290,Y,M,OB
289,Y,M,PEC
303,Y,M,OB
294,Y,M,OB
328,Y,M,OB
295,Y,M,OB
304,Y,M,HYB
266,Y,M,PEC
293,Y,M,OB
282,Y,M,OB
271,Y,M,OB
274,Y,F,PEC
290,Y,F,PEC
272,Y,F,PEC
305,Y,F,HYB
288,Y,M,HYB
287,Y,F,PEC
320,Y,M,OB
318,Y,M,OB
307,Y,M,OB
327,Y,M,HYB
286,Y,M,OB
316,Y,M,PEC
265,Y,M,PEC
301,Y,M,OB
291,Y,M,OB
322,Y,M,OB
270,Y,F,PEC
318,Y,M,OB
305,Y,M,OB
265,Y,M,OB
281,N,U,PEC
304,Y,M,OB
295,Y,M,OB
295,Y,M,OB
275,Y,F,PEC
319,Y,M,OB
270,N,U,HYB
325,Y,F,OB
316,Y,F,OB
304,Y,M,OB
309,Y,M,OB
299,Y,M,HYB
305,Y,F,PEC
337,Y,F,HYB
327,Y,F,OB
177,N,U,PEC
345,N,U,OB
333,Y,F,PEC
220,N,U,OB
251,N,U,PEC
249,Y,M,PEC
233,Y,M,OB
350,Y,F,OB
237,Y,F,PEC
370,Y,F,OB
334,Y,M,OB
337,Y,F,OB
312,Y,M,HYB
314,Y,M,OB
239,N,U,PEC
223,N,U,PEC
257,Y,M,PEC
321,Y,M,OB
245,Y,F,PEC
333,Y,F,OB
327,Y,M,OB
236,N,U,PEC
249,Y,F,PEC
294,Y,M,OB
317,Y,M,OB
266,Y,F,PEC
248,Y,M,PEC
291,Y,F,HYB
255,Y,F,PEC
273,Y,F,PEC
240,Y,M,PEC
261,Y,M,PEC
264,Y,M,PEC
187,N,U,PEC
185,N,U,OB
174,N,U,PEC
187,N,U,PEC
162,N,U,OB
177,N,U,PEC
326,Y,F,OB
334,Y,F,PEC
321,Y,F,OB
336,Y,F,PEC
323,Y,M,OB
227,N,U,PEC
214,N,U,PEC
317,Y,M,OB
327,Y,M,OB
249,N,U,PEC
302,Y,M,OB
332,N,U,OB
334,Y,F,OB
333,Y,F,OB
330,Y,F,OB
315,Y,M,OB
326,Y,F,OB
325,Y,M,OB
231,Y,M,PEC
237,Y,M,PEC
245,Y,M,PEC
247,Y,M,PEC
254,Y,F,PEC
232,N,U,PEC
255,N,U,OB
340,Y,F,PEC
338,Y,M,OB
323,Y,F,OB
325,Y,M,OB
321,Y,M,OB
255,Y,M,PEC
321,Y,M,HYB
254,Y,M,PEC
338,Y,F,OB
340,Y,F,OB
219,N,U,PEC
323,Y,M,HYB
264,Y,M,PEC
255,Y,M,PEC
329,Y,F,OB
264,Y,M,PEC
359,Y,F,OB
306,Y,F,PEC
298,Y,M,PEC
301,Y,M,OB
299,Y,M,PEC
225,N,U,PEC
271,N,U,PEC
319,Y,F,OB
238,N,U,PEC
267,Y,F,PEC
172,N,U,PEC
220,N,U,OB
349,Y,F,OB
214,N,U,OB
303,N,U,PEC
240,N,U,PEC
237,N,U,OB
260,Y,M,PEC
227,N,U,OB
247,N,U,OB
349,N,U,PEC
338,Y,F,OB
329,Y,M,OB
312,Y,M,OB
352,Y,F,OB
315,N,U,PEC
314,Y,F,OB
329,Y,F,OB
337,Y,F,OB
168,N,U,PEC
176,N,U,PEC
186,N,U,PEC
173,N,U,PEC
306,Y,M,OB
322,Y,F,OB
289,Y,M,OB
296,Y,M,OB
307,Y,M,HYB
304,Y,M,OB
289,Y,M,OB
283,Y,M,OB
291,Y,M,OB
290,Y,M,HYB
295,Y,M,PEC
289,Y,M,OB
298,Y,M,OB
309,Y,M,HYB
283,Y,M,OB
310,Y,M,OB
326,Y,F,PEC
304,Y,M,OB
270,Y,M,PEC
316,Y,M,OB
311,Y,F,OB
387,Y,F,OB
334,Y,F,PEC
335,Y,F,PEC
347,Y,F,PEC
335,Y,F,PEC
355,Y,F,OB
350,Y,F,OB
370,N,U,PEC
172,N,U,OB
177,N,U,PEC
175,N,U,PEC
167,N,U,PEC
165,N,U,PEC
303,Y,F,OB
312,Y,M,OB
295,Y,F,OB
313,Y,F,PEC
320,Y,M,OB
355,Y,F,OB
332,Y,M,OB
315,Y,M,HYB
308,Y,M,OB
315,Y,F,PEC
342,Y,F,HYB
310,Y,M,HYB
348,Y,F,OB
332,Y,F,PEC
325,Y,F,OB
345,Y,M,OB
335,Y,F,OB
325,Y,M,OB
333,Y,M,OB
333,Y,F,OB
332,Y,M,OB
327,Y,M,OB
325,Y,M,OB
315,Y,M,OB
322,Y,F,HYB
306,Y,M,HYB
315,Y,M,OB
324,Y,F,PEC
315,Y,M,OB
317,Y,M,OB
314,Y,M,OB
313,Y,F,OB
335,N,U,OB
317,Y,F,PEC
319,Y,F,PEC
282,Y,M,OB
296,Y,F,PEC
313,Y,M,OB
303,Y,F,OB
274,Y,M,OB
308,Y,M,OB
278,Y,F,PEC
263,Y,M,OB
294,Y,M,OB
302,Y,M,OB
268,Y,F,PEC
282,Y,F,PEC
288,Y,F,PEC
286,Y,M,HYB
278,N,U,PEC
253,Y,M,PEC
297,Y,M,OB
316,Y,M,OB
285,Y,F,PEC
275,Y,M,OB
277,Y,M,OB
295,Y,M,OB
308,Y,M,PEC
272,Y,F,PEC
247,Y,M,PEC
307,Y,M,OB
291,Y,M,OB
295,Y,M,PEC
278,Y,F,PEC
287,Y,M,OB
280,Y,M,PEC
290,Y,F,PEC
298,Y,M,OB
266,Y,F,PEC
262,Y,M,OB
244,Y,F,PEC
223,N,U,PEC
249,N,U,PEC
238,Y,M,PEC
252,Y,M,PEC
268,Y,M,PEC
260,Y,M,PEC
235,Y,M,PEC
277,Y,F,PEC
260,N,U,PEC
263,Y,M,PEC
253,Y,M,PEC
233,N,U,PEC
267,Y,F,PEC
268,Y,M,PEC
265,Y,M,PEC
269,Y,F,PEC
238,Y,M,PEC
258,Y,M,PEC
253,N,U,OB
243,Y,M,PEC
250,Y,M,PEC
221,N,U,PEC
253,Y,M,PEC
262,Y,M,PEC
250,Y,M,PEC
258,Y,M,PEC
257,Y,M,PEC
247,Y,M,PEC
264,Y,F,PEC
269,Y,F,PEC
245,N,U,PEC
252,Y,M,PEC
257,Y,M,PEC
259,N,U,PEC
240,Y,M,PEC
260,Y,F,PEC
255,Y,M,PEC
253,Y,M,PEC
245,Y,M,PEC
287,Y,F,PEC
256,Y,M,PEC
257,Y,F,PEC
226,Y,M,PEC
237,N,U,PEC
238,Y,F,PEC
272,N,U,PEC
253,Y,M,PEC
248,Y,M,PEC
268,Y,M,PEC
266,Y,M,PEC
257,Y,F,PEC
249,Y,M,PEC
262,Y,M,PEC
275,Y,M,PEC
235,N,U,PEC
254,Y,M,PEC
218,N,U,OB
213,N,U,OB
246,N,U,PEC
223,N,U,PEC
247,Y,M,PEC
269,Y,M,PEC
256,Y,M,PEC
239,N,U,OB
214,N,U,OB
227,Y,M,PEC
230,N,U,PEC
256,Y,F,PEC
233,N,U,OB
216,N,U,HYB
257,Y,M,PEC
229,N,U,PEC
242,N,U,PEC
268,Y,M,PEC
264,Y,M,PEC
240,Y,M,PEC
254,N,U,OB
214,Y,M,PEC
246,Y,M,PEC
160,N,U,PEC
166,N,U,OB
180,N,U,PEC
154,Y,F,OB
278,Y,M,PEC
315,Y,M,OB
324,Y,M,OB
338,Y,F,PEC
329,Y,M,HYB
338,Y,F,OB
313,Y,M,OB
308,Y,F,PEC
299,Y,M,OB
335,Y,F,HYB
313,Y,M,OB
324,Y,F,OB
322,Y,M,OB
306,Y,M,OB
312,Y,F,OB
309,Y,M,OB
321,Y,M,OB
350,Y,F,OB
324,Y,F,PEC
316,Y,M,OB
313,N,U,HYB
317,Y,M,OB
315,Y,M,HYB
313,Y,M,OB
302,Y,F,PEC
330,Y,M,HYB
343,Y,M,OB
304,Y,M,OB
328,Y,M,HYB
343,Y,F,OB
330,Y,F,OB
359,Y,F,OB
316,Y,M,OB
297,Y,M,HYB
325,Y,F,OB
318,Y,M,PEC
314,Y,M,OB
308,Y,M,OB
337,Y,F,HYB
334,Y,F,OB
310,Y,M,OB
293,Y,F,OB
312,Y,M,OB
314,Y,F,OB
327,Y,F,PEC
312,Y,M,OB
317,Y,M,OB
318,Y,M,OB
331,Y,M,HYB
324,Y,M,OB
283,Y,M,OB
318,Y,M,OB
335,Y,F,OB
322,Y,F,OB
339,Y,M,OB
325,Y,M,OB
306,Y,M,OB
335,Y,F,PEC
330,Y,M,OB
304,Y,F,OB
316,Y,M,HYB
313,Y,M,OB
316,Y,M,OB
349,Y,F,PEC
332,Y,F,OB
257,Y,M,PEC
325,Y,F,OB
272,Y,M,PEC
346,Y,F,OB
357,Y,F,OB
353,Y,F,PEC
327,Y,F,OB
309,Y,F,PEC
296,Y,F,PEC
285,Y,F,PEC
315,Y,F,OB
287,Y,M,PEC
285,Y,M,HYB
275,N,U,PEC
273,Y,M,PEC
272,N,U,PEC
299,Y,M,OB
289,Y,F,PEC
287,Y,M,OB
265,Y,F,PEC
281,Y,F,PEC
279,Y,M,PEC
305,Y,F,PEC
297,Y,M,PEC
273,Y,F,PEC
270,Y,M,PEC
246,Y,F,PEC
272,Y,M,PEC
276,Y,F,PEC
307,Y,M,OB
291,Y,M,OB
294,Y,M,OB
265,Y,F,PEC
280,Y,F,PEC
288,Y,F,PEC
315,Y,M,HYB
269,Y,F,PEC
254,Y,F,PEC
297,Y,F,PEC
278,N,U,PEC
255,Y,M,OB
286,Y,F,PEC
308,Y,F,PEC
254,Y,F,PEC
299,Y,M,HYB
276,Y,F,PEC
258,Y,M,PEC
275,Y,M,PEC
324,Y,M,OB
266,Y,M,OB
276,Y,M,PEC
279,Y,M,PEC
299,Y,M,HYB
299,Y,M,OB
307,Y,M,OB
288,Y,M,OB
284,Y,M,OB
287,Y,F,PEC
281,Y,M,PEC
275,Y,F,PEC
268,Y,M,PEC
282,Y,F,PEC
274,Y,M,PEC
165,N,U,PEC
173,N,U,PEC
181,N,U,PEC
335,Y,F,PEC
307,Y,M,OB
251,Y,F,OB
272,Y,M,OB
306,Y,M,OB
353,Y,F,OB
325,Y,F,PEC
294,Y,M,OB
284,Y,M,OB
251,Y,M,PEC
252,Y,M,PEC
257,Y,M,PEC
315,Y,M,OB
299,Y,F,PEC
314,Y,F,PEC
300,Y,M,OB
316,Y,F,OB
320,Y,F,PEC
290,Y,M,PEC
310,Y,F,PEC
322,Y,F,PEC
325,Y,F,OB
243,N,U,PEC
246,Y,M,PEC
222,Y,M,U
315,Y,M,OB
333,Y,F,PEC
314,N,U,HYB
302,N,U,HYB
260,Y,M,PEC
246,N,U,PEC
295,Y,M,HYB
289,Y,M,HYB
272,Y,M,PEC
295,Y,M,HYB
301,Y,M,OB
267,Y,M,PEC
296,Y,M,HYB
297,Y,M,OB
297,Y,M,HYB
205,Y,M,OB
301,Y,M,PEC
251,Y,M,PEC
277,Y,F,PEC
242,N,U,PEC
198,N,U,OB
294,Y,M,OB
321,Y,M,HYB
268,Y,M,PEC
236,Y,M,PEC
167,N,U,OB
139,N,U,U
270,Y,M,PEC
283,Y,M,OB
290,Y,M,HYB
304,Y,F,PEC
161,N,U,PEC
332,Y,F,HYB
217,N,U,PEC
247,N,U,PEC
151,N,U,U
285,Y,M,HYB
253,Y,M,PEC
242,Y,F,PEC
306,Y,M,OB
166,Y,M,U
187,Y,F,OB
137,N,U,U
146,Y,F,U
267,Y,M,PEC
323,Y,F,OB
302,Y,M,HYB
321,N,U,OB
297,N,U,PEC
330,Y,F,OB
370,Y,F,OB
308,Y,M,HYB
271,Y,M,OB
316,Y,F,OB
270,N,U,U
270,Y,M,PEC
242,Y,M,PEC
248,Y,M,PEC
256,N,U,PEC
255,Y,M,PEC
266,Y,F,PEC
300,Y,M,HYB
295,Y,M,OB
286,Y,M,PEC
220,N,U,OB
271,Y,F,PEC
301,Y,M,OB
245,Y,F,PEC
316,Y,F,PEC
304,N,U,OB
292,Y,M,OB
261,Y,F,PEC
297,Y,M,HYB
279,Y,M,HYB
293,Y,M,HYB
311,Y,M,OB
265,Y,M,PEC
283,Y,M,OB
265,Y,M,OB
297,Y,M,HYB
341,Y,F,PEC
355,Y,F,OB
286,Y,M,OB
277,Y,M,PEC
222,N,U,PEC
250,Y,M,PEC
270,Y,F,PEC
300,Y,M,HYB
302,Y,M,OB
297,Y,M,HYB
293,Y,M,OB
152,N,U,U
312,Y,M,HYB
261,Y,M,PEC
247,Y,M,OB
226,Y,M,PEC
299,Y,M,OB
301,Y,M,HYB
292,Y,M,HYB
260,Y,M,PEC
312,Y,M,HYB
295,Y,M,PEC
306,N,U,HYB
314,Y,F,PEC
243,N,U,PEC
235,Y,M,PEC
287,Y,F,PEC
320,Y,M,HYB
317,Y,M,HYB
304,Y,M,HYB
307,Y,M,OB
308,Y,M,HYB
300,Y,M,PEC
300,Y,M,OB
285,Y,F,PEC
290,Y,M,OB
277,Y,M,PEC
295,Y,M,OB
277,Y,M,PEC
297,Y,M,OB
260,Y,M,PEC
287,Y,M,OB
265,N,U,OB
296,Y,M,OB
295,Y,M,OB
282,Y,M,PEC
307,Y,M,OB
267,N,U,HYB
295,Y,M,OB
300,Y,M,OB
305,Y,M,OB
313,Y,M,OB
325,N,U,OB
326,Y,M,OB
311,Y,M,OB
309,Y,M,OB
306,Y,M,OB
307,Y,M,OB
340,Y,F,HYB
324,Y,M,OB
322,Y,M,OB
290,Y,M,PEC
294,Y,M,OB
300,Y,M,OB
318,Y,F,PEC
330,Y,M,HYB
306,Y,M,OB
306,N,U,OB
310,N,U,PEC
270,Y,F,PEC
265,N,U,PEC
271,Y,F,PEC
264,Y,F,PEC
266,Y,F,PEC
260,Y,F,PEC
282,Y,M,OB
264,Y,F,PEC
280,Y,F,PEC
260,N,U,U
266,Y,F,PEC
262,Y,F,PEC
295,Y,M,PEC
316,Y,F,OB
260,Y,M,PEC
284,Y,F,PEC
320,Y,M,OB
276,Y,M,OB
308,Y,F,PEC
292,Y,M,OB
256,Y,F,PEC
267,Y,F,PEC
284,Y,M,OB
277,Y,F,PEC
277,Y,F,PEC
241,N,U,PEC
225,N,U,PEC
241,N,U,OB
234,N,U,PEC
256,N,U,PEC
222,N,U,PEC
247,Y,M,PEC
285,Y,F,PEC
260,N,U,PEC
303,Y,M,OB
310,Y,M,OB
237,N,U,PEC
251,Y,M,OB
243,N,U,PEC
247,Y,M,PEC
258,N,U,PEC
230,N,U,OB
299,Y,M,OB
268,Y,M,PEC
220,Y,M,OB
331,Y,F,OB
347,Y,F,OB
176,N,U,PEC
345,Y,F,PEC
171,N,U,OB
167,Y,M,U
178,N,U,PEC
259,Y,F,PEC
157,Y,F,OB
155,Y,F,U
313,Y,F,OB
340,Y,F,PEC
311,Y,M,OB
307,Y,M,HYB
307,Y,M,OB
326,Y,F,OB
305,Y,M,OB
250,Y,F,PEC
318,Y,M,OB
318,Y,F,PEC
332,Y,M,OB
340,Y,F,OB
311,Y,F,PEC
327,Y,F,PEC
317,Y,F,PEC
312,Y,F,OB
310,Y,M,OB
312,Y,M,OB
337,Y,F,OB
302,Y,M,OB
298,Y,M,OB
333,Y,F,PEC
316,Y,M,OB
350,Y,F,OB
322,Y,F,PEC
286,Y,M,HYB
322,Y,F,OB
300,Y,M,HYB
242,Y,F,U
302,Y,M,OB
277,Y,M,HYB
257,Y,M,PEC
302,Y,M,OB
293,Y,M,OB
314,N,U,OB
289,Y,M,OB
295,Y,M,OB
315,Y,M,OB
269,Y,M,PEC
295,N,U,OB
302,Y,M,OB
285,Y,M,OB
270,Y,M,PEC
309,Y,M,HYB
283,Y,M,PEC
287,Y,M,OB
292,Y,M,OB
290,Y,M,OB
281,Y,M,OB
283,Y,F,PEC
270,N,U,PEC
290,Y,M,HYB
266,Y,M,HYB
280,Y,M,PEC
275,Y,F,PEC
270,N,U,OB
280,Y,F,PEC
271,Y,F,PEC
309,Y,M,OB
245,Y,M,PEC
304,Y,M,PEC
268,Y,F,PEC
284,Y,M,PEC
280,Y,F,PEC
271,Y,M,OB
285,Y,F,PEC
307,Y,F,U
332,N,U,OB
303,Y,M,OB
283,Y,F,PEC
283,Y,M,OB
272,Y,F,PEC
296,Y,M,OB
287,Y,M,HYB
260,Y,F,PEC
304,Y,M,OB
300,Y,M,OB
294,Y,F,OB
301,Y,M,OB
256,Y,M,PEC
263,Y,M,PEC
247,Y,M,PEC
266,Y,F,PEC
267,Y,M,PEC
257,Y,F,PEC
253,Y,M,PEC
265,Y,M,PEC
247,Y,M,PEC
246,N,U,PEC
253,Y,M,PEC
263,Y,M,PEC
245,Y,M,PEC
250,Y,M,PEC
257,N,U,PEC
270,Y,F,PEC
260,Y,M,PEC
251,Y,F,PEC
245,N,U,OB
245,Y,M,PEC
222,Y,M,OB
255,N,U,PEC
246,Y,F,PEC
281,Y,F,PEC
255,Y,M,PEC
260,Y,M,PEC
247,N,U,PEC
263,Y,F,PEC
254,N,U,PEC
263,Y,F,PEC
239,Y,M,PEC
250,Y,F,PEC
246,Y,M,PEC
269,N,U,PEC
255,Y,M,PEC
266,Y,F,PEC
262,N,U,PEC
232,Y,M,PEC
250,Y,M,PEC
266,Y,M,PEC
255,Y,M,PEC
255,Y,M,PEC
245,Y,M,PEC
236,Y,M,PEC
257,N,U,PEC
255,N,U,PEC
270,N,U,PEC
266,N,U,PEC
256,Y,M,PEC
265,Y,F,PEC
237,Y,M,PEC
250,Y,M,PEC
253,Y,M,PEC
240,Y,M,PEC
257,N,U,PEC
255,Y,M,PEC
296,Y,F,PEC
296,Y,M,OB
241,Y,F,PEC
258,N,U,OB
159,N,U,OB
302,Y,F,HYB
281,Y,M,PEC
325,Y,M,PEC
166,N,U,PEC
152,N,U,OB
163,N,U,PEC
138,N,U,PEC
152,Y,M,PEC
304,Y,M,OB
322,Y,F,OB
305,Y,M,OB
307,Y,F,OB
292,Y,M,OB
297,Y,M,OB
305,Y,M,OB
334,Y,F,OB
350,Y,F,OB
332,Y,F,PEC
310,Y,M,HYB
339,Y,F,PEC
277,Y,M,HYB
277,Y,F,PEC
312,Y,M,OB
308,Y,F,OB
331,Y,F,PEC
249,Y,F,PEC
279,Y,M,OB
288,Y,M,OB
246,Y,F,HYB
322,Y,M,OB
343,Y,F,OB
269,Y,F,PEC
278,Y,M,PEC
271,Y,M,PEC
282,Y,M,OB
295,Y,M,PEC
274,Y,M,PEC
288,Y,M,PEC
299,Y,M,HYB
222,Y,M,OB
266,Y,M,HYB
307,Y,M,HYB
279,Y,M,OB
291,Y,M,OB
265,Y,F,PEC
321,Y,M,OB
296,Y,M,OB
318,Y,F,PEC
304,Y,M,OB
310,N,U,PEC
270,Y,M,PEC
333,Y,F,OB
324,Y,F,PEC
293,Y,M,OB
308,Y,F,PEC
261,Y,M,OB
287,Y,M,PEC
324,Y,F,OB
332,Y,M,HYB
325,Y,M,OB
366,Y,F,HYB
334,Y,F,PEC
314,Y,F,HYB
252,Y,M,PEC
295,Y,M,HYB
344,Y,F,OB
259,Y,F,PEC
274,Y,M,HYB
259,N,U,OB
249,Y,F,PEC
263,Y,M,PEC
290,Y,F,PEC
309,Y,F,PEC
335,Y,F,PEC
318,Y,M,OB
266,Y,M,PEC
278,Y,M,PEC
333,Y,F,OB
314,N,U,PEC
339,Y,F,OB
208,Y,M,OB
302,Y,M,OB
310,Y,M,PEC
333,Y,F,OB
165,N,U,OB
202,N,U,OB
157,Y,F,OB
293,Y,M,HYB
229,Y,M,OB
234,N,U,Pec
198,N,U,PEC
173,N,U,PEC
335,Y,F,PEC
313,Y,M,OB
319,Y,M,OB
337,Y,F,HYB
337,Y,F,OB
337,Y,F,OB
318,Y,F,HYB
344,Y,F,OB
282,N,U,OB
346,Y,F,OB
313,Y,M,OB
321,Y,F,PEC
278,N,U,PEC
326,N,U,OB
289,Y,M,HYB
264,Y,M,PEC
284,Y,M,PEC
302,Y,F,OB
278,Y,M,PEC
279,Y,M,PEC
264,Y,F,PEC
360,Y,F,OB
264,N,U,PEC
340,Y,F,HYB
290,Y,F,PEC
263,Y,F,PEC
331,Y,M,OB
297,Y,M,OB
330,Y,M,HYB
316,Y,M,OB
309,Y,M,HYB
315,Y,M,OB
327,Y,M,HYB
328,Y,M,OB
317,Y,M,OB
319,Y,M,OB
335,Y,F,OB
327,Y,M,OB
318,Y,M,OB
305,Y,M,OB
315,Y,M,OB
304,Y,M,OB
330,Y,M,OB
326,Y,M,OB
322,Y,M,OB
317,Y,M,OB
329,Y,M,HYB
319,Y,M,OB
341,Y,M,OB
321,Y,M,OB
303,Y,M,OB
329,Y,M,HYB
335,Y,M,HYB
318,Y,M,HYB
329,Y,M,HYB
326,Y,M,OB
317,Y,M,OB
313,Y,F,OB
312,Y,F,OB
304,N,U,OB
297,Y,M,OB
317,Y,M,OB
328,Y,M,HYB
304,Y,M,OB
325,Y,M,OB
321,Y,M,OB
298,Y,M,OB
327,Y,F,OB
318,Y,M,OB
311,Y,M,HYB
328,Y,M,OB
318,Y,M,HYB
312,Y,M,OB
352,Y,M,OB
294,Y,M,OB
310,Y,M,OB
313,Y,M,OB
332,Y,M,OB
323,Y,M,HYB
307,Y,M,OB
303,Y,M,OB
286,Y,M,OB
227,Y,M,PEC
267,N,U,PEC
304,Y,M,OB
308,Y,M,OB
313,Y,M,OB
300,Y,M,OB
249,Y,M,PEC
329,Y,M,HYB
266,N,U,PEC
298,Y,M,OB
295,Y,M,OB
332,Y,F,OB
321,Y,M,OB
283,Y,M,OB
256,Y,M,PEC
295,Y,M,HYB
305,Y,M,OB
303,Y,M,HYB
324,Y,M,OB
306,Y,M,OB
205,Y,M,OB
299,Y,F,OB
304,Y,F,OB
316,Y,M,OB
306,Y,M,OB
280,Y,M,PEC
335,Y,M,HYB
371,Y,M,OB
330,Y,M,OB
340,Y,F,OB
312,Y,M,HYB
342,Y,F,OB
340,Y,F,PEC
356,Y,F,OB
331,Y,F,PEC
348,Y,F,OB
312,Y,M,OB
321,Y,M,OB
154,Y,F,OB
172,Y,M,OB
153,Y,F,OB
297,Y,M,OB
323,Y,M,OB
321,Y,M,HYB
314,Y,M,OB
303,Y,M,OB
306,Y,M,OB
328,Y,F,HYB
308,Y,M,OB
312,Y,M,HYB
317,Y,M,PEC
313,Y,M,HYB
305,Y,M,OB
321,Y,M,OB
304,Y,M,OB
298,Y,M,OB
322,Y,M,OB
306,Y,M,OB
303,Y,M,OB
329,Y,F,OB
307,Y,M,OB
341,Y,M,HYB
307,Y,M,OB
333,Y,M,HYB
312,Y,M,OB
302,Y,M,OB
326,Y,M,OB
307,Y,M,PEC
326,Y,M,OB
302,Y,M,OB
317,Y,M,OB
303,Y,M,OB
307,Y,M,HYB
325,Y,F,HYB
317,Y,M,OB
338,Y,F,PEC
332,Y,M,OB
304,Y,M,OB
311,Y,M,OB
308,Y,M,HYB
307,Y,M,HYB
296,Y,M,HYB
261,Y,M,PEC
273,Y,F,PEC
286,Y,M,OB
331,Y,M,OB
261,Y,F,PEC
264,Y,M,PEC
286,Y,M,PEC
278,Y,F,PEC
283,Y,F,PEC
335,Y,M,OB
269,Y,M,OB
303,Y,M,OB
297,Y,M,PEC
287,Y,M,OB
262,Y,F,PEC
270,Y,F,OB
279,Y,F,PEC
259,Y,M,PEC
283,Y,M,OB
317,Y,M,OB
270,Y,M,PEC
308,Y,M,HYB
289,Y,M,OB
276,Y,F,PEC
275,Y,M,OB
290,N,U,PEC
312,Y,M,PEC
303,Y,M,OB
316,Y,M,OB
302,Y,M,PEC
266,Y,M,OB
303,N,U,OB
285,Y,M,OB
268,Y,F,PEC
274,Y,F,PEC
283,Y,F,PEC
294,Y,M,HYB
288,Y,M,OB
300,Y,F,OB
288,Y,M,OB
265,Y,M,PEC
291,Y,F,PEC
316,Y,F,OB
269,Y,F,PEC
263,Y,F,PEC
312,Y,M,HYB
329,Y,F,HYB
353,Y,F,OB
299,Y,M,OB
367,Y,F,OB
332,Y,F,OB
294,Y,M,OB
287,Y,M,OB
305,Y,M,PEC
298,Y,M,PEC
262,Y,M,PEC
272,Y,M,PEC
274,Y,M,PEC
293,Y,F,PEC
286,Y,F,PEC
300,Y,M,PEC
298,Y,M,OB
300,Y,M,PEC
289,Y,M,OB
302,Y,M,PEC
308,Y,M,HYB
295,Y,M,OB
271,Y,M,PEC
287,Y,M,PEC
293,Y,M,OB
302,Y,M,PEC
258,Y,M,OB
295,Y,F,PEC
304,Y,F,HYB
291,Y,M,OB
287,Y,M,HYB
314,Y,M,HYB
313,Y,F,PEC
307,Y,M,OB
291,Y,M,OB
307,Y,M,OB
295,Y,M,OB
273,Y,M,OB
289,Y,F,OB
297,Y,M,OB
301,Y,M,OB
282,N,U,PEC
303,Y,M,OB
278,Y,M,PEC
268,Y,M,PEC
304,Y,M,OB
300,Y,M,OB
284,Y,M,OB
289,Y,M,PEC
298,Y,M,OB
306,Y,F,PEC
313,Y,M,PEC
272,Y,M,OB
294,Y,M,OB
324,Y,M,OB
301,Y,M,OB
297,Y,M,OB
307,Y,M,OB
339,Y,F,OB
285,Y,F,PEC
297,Y,M,OB
272,Y,M,OB
294,Y,M,OB
296,Y,M,OB
264,Y,F,PEC
259,Y,F,OB
314,Y,M,OB
282,Y,M,PEC
253,Y,F,OB
292,Y,M,OB
279,Y,M,PEC
269,Y,F,PEC
284,Y,F,PEC
317,Y,M,OB
284,Y,M,OB
247,Y,M,PEC
296,Y,F,PEC
235,N,U,PEC
246,Y,M,PEC
266,Y,F,PEC
217,N,U,PEC
263,Y,F,PEC
245,Y,F,PEC
255,Y,F,PEC
219,Y,F,OB
233,Y,M,PEC
258,Y,M,PEC
254,Y,M,PEC
260,Y,F,PEC
228,Y,M,PEC
215,Y,M,PEC
262,Y,M,PEC
273,Y,F,OB
262,Y,M,PEC
263,Y,M,PEC
244,Y,M,PEC
282,Y,F,PEC
268,Y,F,PEC
273,Y,F,PEC
281,Y,F,PEC
253,Y,M,PEC
264,Y,M,PEC
243,Y,M,PEC
238,Y,F,PEC
266,Y,M,PEC
168,Y,F,OB
269,N,U,PEC
294,Y,F,PEC
321,Y,F,PEC
300,Y,M,OB
313,Y,M,PEC
314,Y,F,OB
301,Y,F,OB
290,Y,M,OB
298,Y,M,OB
305,N,U,OB
227,N,U,OB
270,N,U,PEC
278,Y,M,OB
276,Y,M,OB
158,N,U,OB
279,Y,M,OB
259,N,U,PEC
321,Y,F,PEC
217,N,U,OB
250,Y,M,PEC
273,Y,M,PEC
291,Y,M,HYB
286,Y,M,OB
307,Y,M,PEC
281,Y,M,OB
299,Y,M,OB
275,Y,M,PEC
230,Y,M,PEC
309,Y,M,PEC
280,Y,F,PEC
248,Y,M,PEC
217,N,U,OB
286,Y,M,PEC
290,Y,M,OB
277,Y,F,PEC
254,Y,M,PEC
271,Y,M,OB
253,Y,M,PEC
245,Y,M,PEC
328,Y,F,OB
302,Y,M,OB
247,Y,M,PEC
177,N,U,PEC
257,Y,M,PEC
186,N,U,OB
165,N,U,OB
241,Y,M,PEC
179,N,U,PEC
248,Y,M,PEC
162,N,U,OB
299,Y,M,HYB
246,Y,M,PEC
365,Y,F,OB
271,N,U,OB
264,Y,M,PEC
167,N,U,OB
329,Y,F,HYB
280,Y,F,OB
253,Y,M,PEC
228,N,U,OB
222,N,U,OB
166,N,U,PEC
344,N,U,OB
300,Y,M,HYB
264,Y,M,PEC
168,Y,F,HYB
154,N,U,HYB
297,Y,M,OB
259,Y,M,PEC
273,Y,F,OB
266,Y,M,PEC
316,Y,F,PEC
289,Y,M,OB
250,Y,M,PEC
163,N,U,PEC
168,N,U,PEC
179,N,U,PEC
161,N,U,PEC
248,Y,M,OB
223,N,U,PEC
219,N,U,OB
217,N,U,OB
245,N,U,HYB
219,N,U,OB
244,N,U,OB
207,N,U,OB
293,N,U,OB
174,N,U,OB
175,N,U,PEC
163,N,U,OB
291,Y,F,PEC
268,N,U,PEC
284,Y,F,PEC
256,Y,M,PEC
277,Y,F,PEC
281,Y,F,PEC
293,Y,M,PEC
274,Y,F,PEC
315,Y,M,HYB
273,Y,F,PEC
283,Y,F,PEC
302,Y,M,PEC
271,Y,F,PEC
383,N,U,OB
367,Y,F,OB
366,Y,F,OB
171,N,U,PEC
182,N,U,PEC
251,Y,M,PEC
245,Y,M,PEC
258,Y,M,PEC
317,Y,M,OB
168,N,U,PEC
168,N,U,PEC
177,N,U,PEC
180,N,U,PEC
324,Y,F,OB
360,Y,F,OB
314,Y,F,HYB
314,Y,M,OB
326,Y,M,OB
254,Y,M,PEC
328,N,U,OB
329,Y,F,OB
300,N,U,OB
298,Y,F,OB
307,Y,F,OB
261,Y,M,OB
267,Y,F,PEC
273,N,U,PEC
272,Y,M,PEC
247,Y,M,PEC
280,Y,M,OB
305,N,U,OB
295,Y,M,OB
284,Y,M,HYB
292,Y,M,OB
284,Y,M,OB
287,Y,M,PEC
301,Y,M,OB
261,Y,M,PEC
277,Y,F,PEC
267,Y,F,PEC
279,Y,M,OB
232,N,U,OB
258,Y,M,PEC
258,Y,M,PEC
252,Y,M,PEC
245,N,U,OB
244,N,U,PEC
257,Y,M,PEC
247,Y,M,PEC
218,N,U,HYB
263,Y,M,PEC
267,Y,M,PEC
269,Y,M,PEC
255,Y,M,PEC
221,N,U,PEC
258,Y,M,PEC
245,Y,M,PEC
263,Y,M,PEC
262,Y,M,PEC
253,Y,M,PEC
247,Y,M,PEC
255,Y,M,PEC
260,Y,M,PEC
253,Y,M,PEC
253,Y,M,PEC
254,Y,M,PEC
238,Y,M,PEC
244,Y,M,PEC
235,Y,M,PEC
252,Y,M,PEC
272,Y,M,PEC
260,Y,F,PEC
253,Y,M,PEC
210,N,U,PEC
249,Y,M,PEC
292,Y,M,PEC
297,N,U,PEC
260,Y,M,PEC
250,N,U,OB
245,Y,M,PEC
254,Y,M,PEC
260,Y,M,PEC
255,Y,M,PEC
212,N,U,OB
262,Y,M,PEC
263,Y,M,PEC
252,N,U,PEC
258,Y,M,PEC
214,N,U,OB
226,Y,M,OB
260,Y,M,PEC
218,N,U,OB
257,Y,M,PEC
239,Y,M,PEC
249,N,U,PEC
295,Y,M,OB
235,Y,M,PEC
209,N,U,OB
261,N,U,PEC
232,N,U,OB
249,Y,M,PEC
241,Y,M,PEC
226,N,U,OB
183,N,U,OB
169,Y,M,HYB
194,N,U,PEC
173,Y,M,PEC
180,N,U,OB
156,N,U,OB
181,N,U,PEC
310,Y,M,OB
316,Y,M,OB
336,N,U,OB
343,Y,F,OB
314,Y,M,OB
306,Y,F,PEC
313,Y,M,OB
298,Y,F,OB
305,Y,M,OB
343,Y,F,OB
327,Y,F,HYB
285,Y,M,OB
332,Y,F,OB
278,Y,M,OB
324,N,U,OB
327,Y,M,OB
285,Y,M,OB
311,Y,M,OB
317,Y,F,OB
307,Y,F,OB
339,Y,F,OB
303,Y,F,OB
323,Y,M,OB
315,Y,F,HYB
317,Y,M,HYB
310,Y,M,OB
343,Y,F,HYB
320,Y,M,OB
339,Y,M,OB
339,Y,F,OB
321,Y,F,OB
345,Y,F,OB
300,Y,M,OB
318,Y,F,HYB
308,Y,M,OB
317,N,U,OB
288,Y,M,HYB
316,Y,M,OB
345,Y,F,OB
312,Y,M,OB
254,Y,M,PEC
279,Y,M,OB
342,Y,F,OB
256,Y,M,PEC
378,Y,F,OB
358,Y,M,PEC
304,Y,M,OB
333,Y,M,HYB
250,Y,M,PEC
257,Y,M,PEC
258,Y,M,PEC
265,Y,M,PEC
267,Y,M,PEC
298,Y,M,OB
286,Y,M,HYB
296,Y,M,OB
278,Y,F,PEC
275,Y,M,OB
274,Y,F,OB
264,Y,M,PEC
283,Y,M,OB
286,Y,M,OB
275,Y,F,PEC
276,Y,M,OB
278,Y,F,PEC
296,Y,F,OB
264,Y,M,PEC
266,Y,M,PEC
289,Y,M,OB
265,Y,F,PEC
274,Y,M,OB
280,Y,M,OB
257,Y,M,PEC
306,Y,M,PEC
279,Y,M,OB
307,Y,M,OB
277,Y,M,PEC
291,Y,F,PEC
299,Y,M,OB
283,N,U,OB
313,Y,M,OB
284,Y,F,PEC
296,Y,M,OB
264,Y,M,PEC
310,Y,M,OB
264,Y,M,PEC
285,Y,M,OB
254,Y,M,PEC
273,Y,M,OB
299,Y,M,PEC
299,Y,M,OB
303,Y,M,OB
298,Y,M,PEC
267,N,U,PEC
251,Y,M,PEC
292,Y,M,OB
268,Y,M,OB
265,Y,F,PEC
167,N,U,PEC
176,N,U,PEC
176,N,U,PEC
375,Y,F,OB
207,N,U,PEC
175,N,U,OB
155,N,U,U
180,N,U,PEC
181,N,U,PEC
261,N,U,OB
175,N,U,PEC
226,N,U,PEC
155,N,U,U
246,Y,M,PEC
160,N,U,PEC
205,N,U,OB
276,Y,F,OB
256,Y,F,PEC
173,N,U,PEC
231,N,U,PEC
156,N,U,PEC
206,N,U,PEC
263,N,U,OB
177,N,U,PEC
167,N,U,PEC
161,N,U,PEC
221,N,U,OB
180,N,U,PEC
215,N,U,PEC
242,Y,F,PEC
176,N,U,PEC
172,N,U,PEC
226,N,U,PEC
230,N,U,OB
275,Y,F,PEC
160,N,U,PEC
331,Y,F,OB
307,N,U,PEC
302,N,U,PEC
260,Y,M,PEC
215,N,U,OB
230,N,U,PEC
233,N,U,PEC
249,Y,M,PEC
210,N,U,PEC
210,N,U,PEC
241,N,U,PEC
233,N,U,OB
260,Y,M,OB
235,N,U,OB
247,Y,M,PEC
217,N,U,OB
241,Y,M,PEC
235,Y,M,PEC
327,N,U,OB
340,Y,F,OB
342,N,U,OB
316,Y,F,OB
251,N,U,OB
300,Y,M,OB
281,Y,M,OB
233,N,U,OB
217,N,U,PEC
212,N,U,OB
204,N,U,OB
214,N,U,HYB
220,N,U,PEC
226,N,U,HYB
215,N,U,OB
257,Y,F,PEC
210,N,U,OB
226,N,U,OB
217,N,U,OB
261,Y,M,PEC
195,N,U,HYB
265,Y,M,PEC
220,N,U,OB
212,N,U,PEC
247,Y,F,PEC
228,N,U,HYB
215,N,U,HYB
226,N,U,OB
371,N,U,OB
285,Y,F,OB
373,Y,F,OB
366,Y,F,OB
355,Y,F,OB
356,Y,F,OB
186,N,U,PEC
166,N,U,OB
175,N,U,PEC
162,N,U,U
176,N,U,U
207,N,U,PEC
166,N,U,PEC
167,N,U,U
168,N,U,PEC
171,N,U,PEC
171,N,U,PEC
166,N,U,U
177,N,U,PEC
183,N,U,PEC
171,N,U,PEC
162,N,U,PEC
171,N,U,PEC
175,N,U,PEC
172,N,U,U
163,N,U,OB
170,N,U,PEC
165,N,U,PEC
152,N,U,U
189,N,U,PEC
175,N,U,PEC
182,N,U,OB
177,N,U,PEC
191,N,U,PEC
175,N,U,PEC
191,N,U,PEC
160,N,U,U
182,N,U,PEC
174,N,U,OB
193,N,U,PEC
166,N,U,PEC
185,N,U,OB
168,N,U,U
175,N,U,PEC
175,N,U,OB
170,N,U,PEC
165,N,U,PEC
173,N,U,PEC
177,N,U,PEC
187,N,U,OB
175,N,U,PEC
167,N,U,PEC
170,N,U,PEC
186,N,U,PEC
171,N,U,PEC
181,N,U,PEC
156,N,U,OB
183,N,U,U
181,N,U,OB
172,N,U,U
180,N,U,PEC
195,N,U,PEC
170,N,U,U
162,N,U,PEC
185,N,U,PEC
162,N,U,PEC
183,N,U,PEC
172,N,U,PEC
177,N,U,PEC
183,N,U,PEC
167,N,U,PEC
185,N,U,PEC
190,N,U,U
175,N,U,PEC
185,Y,M,OB
363,Y,F,OB
311,Y,M,OB
360,Y,F,OB
360,Y,F,OB
265,N,U,OB
294,Y,F,PEC
280,N,U,HYB
265,N,U,OB
310,N,U,OB
305,Y,M,OB
290,Y,M,OB
276,Y,M,OB
304,N,U,HYB
268,N,U,PEC
286,Y,M,OB
271,N,U,OB
241,N,U,OB
299,N,U,OB
290,Y,F,PEC
317,Y,F,PEC
316,Y,F,OB
307,Y,M,OB
281,Y,M,OB
278,N,U,OB
250,N,U,PEC
226,N,U,PEC
253,Y,M,PEC
203,N,U,HYB
218,N,U,PEC
222,N,U,PEC
246,N,U,PEC
293,Y,M,OB
250,Y,M,PEC
269,Y,F,PEC
215,N,U,PEC
217,N,U,PEC
220,N,U,HYB
262,Y,M,PEC
254,Y,M,PEC
200,N,U,OB
171,N,U,PEC
161,N,U,PEC
168,N,U,PEC
168,N,U,HYB
155,N,U,OB
163,N,U,OB
164,N,U,PEC
227,N,U,HYB
174,N,U,PEC
182,N,U,HYB
203,N,U,OB
218,N,U,OB
289,Y,M,OB
329,Y,M,OB
283,N,U,OB
328,N,U,OB
309,Y,M,HYB
300,Y,F,OB
298,Y,M,OB
307,Y,M,OB
273,Y,M,OB
309,Y,F,OB
299,Y,M,OB
163,N,U,PEC
362,Y,F,HYB
336,N,U,OB
342,Y,F,HYB
311,Y,M,OB
339,Y,F,HYB
267,N,U,HYB
327,Y,F,OB
227,N,U,OB
340,Y,F,HYB
218,N,U,PEC
337,Y,F,PEC
318,Y,F,OB
288,Y,M,OB
326,N,U,OB
263,Y,F,PEC
204,N,U,OB
325,Y,M,HYB
280,Y,M,OB
276,Y,M,OB
299,Y,F,OB
210,Y,M,OB
258,N,U,OB
299,Y,F,OB
309,Y,M,OB
298,Y,M,HYB
317,Y,M,OB
280,Y,M,HYB
173,N,U,HYB
293,Y,M,OB
308,Y,M,OB
320,N,U,HYB
282,Y,F,PEC
297,Y,M,OB
284,Y,M,OB
328,N,U,OB
262,N,U,PEC
322,Y,F,HYB
331,Y,F,HYB
338,Y,F,OB
277,Y,M,OB
308,Y,F,OB
351,Y,F,OB
334,Y,F,HYB
291,Y,M,OB
342,Y,F,OB
365,N,U,OB
369,N,U,OB
356,Y,F,OB
314,Y,M,HYB
296,Y,M,OB
298,Y,M,HYB
323,Y,M,OB
321,Y,M,OB
264,N,U,OB
321,Y,M,OB
276,Y,M,OB
210,N,U,OB
313,Y,M,HYB
288,Y,M,PEC
300,Y,F,OB
289,Y,M,OB
254,Y,M,PEC
331,Y,F,OB
257,Y,M,OB
224,Y,M,OB
255,Y,M,OB
273,Y,M,PEC
335,Y,F,OB
372,Y,F,OB
340,Y,F,OB
312,Y,M,OB
302,Y,F,HYB
299,Y,M,OB
304,Y,M,OB
274,Y,F,PEC
284,Y,F,PEC
183,N,U,PEC
261,Y,F,HYB
162,N,U,OB
179,N,U,HYB
163,N,U,PEC
304,Y,M,OB
341,Y,F,OB
337,Y,F,HYB
314,Y,M,OB
314,Y,M,OB
338,Y,F,HYB
322,Y,F,HYB
318,Y,M,OB
335,Y,F,HYB
298,Y,M,OB
182,N,U,HYB
176,N,U,PEC
180,N,U,PEC
181,N,U,OB
183,N,U,PEC
178,N,U,PEC
182,N,U,PEC
181,N,U,PEC
174,N,U,OB
184,N,U,PEC
169,N,U,OB
195,N,U,PEC
325,N,U,OB
265,Y,F,PEC
267,Y,M,OB
293,N,U,PEC
232,N,U,OB
313,Y,M,OB
304,Y,F,OB
240,Y,M,OB
268,Y,F,PEC
298,Y,M,OB
332,Y,F,OB
313,Y,M,OB
278,Y,M,OB
342,Y,M,OB
232,N,U,OB
243,N,U,OB
305,Y,M,HYB
349,Y,F,HYB
350,Y,F,OB
379,Y,F,OB
349,Y,F,OB
344,Y,F,HYB
341,Y,F,OB
376,Y,F,OB
360,Y,F,OB
360,Y,F,OB
335,Y,F,OB
342,Y,F,OB
308,Y,F,OB
336,Y,F,OB
348,Y,F,OB
163,N,U,PEC
173,N,U,PEC
195,N,U,PEC
173,N,U,PEC
176,N,U,HYB
171,N,U,OB
180,N,U,PEC
325,Y,M,OB
328,Y,F,OB
310,Y,F,OB
334,Y,M,OB
327,Y,F,OB
309,Y,F,OB
305,Y,M,OB
319,Y,M,OB
341,Y,F,OB
320,N,U,OB
331,Y,M,OB
324,Y,M,HYB
323,N,U,HYB
329,N,U,OB
323,N,U,OB
338,Y,F,OB
323,Y,M,HYB
321,Y,M,OB
305,Y,F,OB
327,Y,F,OB
324,Y,F,OB
324,Y,M,OB
322,Y,M,OB
326,Y,M,HYB
320,Y,M,OB
349,Y,F,OB
344,N,U,OB
342,Y,F,OB
328,Y,F,OB
320,Y,M,OB
355,Y,F,HYB
338,Y,M,OB
318,Y,F,OB
352,Y,F,OB
307,Y,F,HYB
300,N,U,OB
249,Y,F,PEC
308,Y,M,OB
280,Y,M,OB
314,Y,M,OB
317,Y,M,OB
285,Y,M,OB
318,Y,F,OB
277,Y,M,OB
317,Y,F,OB
285,Y,M,OB
279,Y,F,PEC
299,Y,M,OB
273,Y,M,OB
302,Y,M,HYB
275,Y,F,PEC
290,Y,M,OB
285,Y,M,OB
286,Y,F,PEC
310,Y,M,OB
310,Y,F,OB
315,Y,F,OB
317,Y,F,OB
290,Y,M,OB
288,Y,M,PEC
332,Y,F,OB
285,Y,M,OB
293,Y,M,OB
296,Y,F,OB
302,Y,M,OB
295,Y,M,OB
331,Y,M,HYB
253,Y,M,PEC
232,Y,M,OB
258,Y,M,PEC
258,Y,M,PEC
235,N,U,OB
275,N,U,PEC
254,Y,M,PEC
262,Y,F,PEC
269,Y,F,OB
252,Y,M,PEC
213,N,U,OB
259,Y,M,PEC
270,Y,M,HYB
210,N,U,OB
235,N,U,HYB
275,Y,M,PEC
314,Y,F,PEC
352,Y,F,OB
363,N,U,OB
363,Y,F,OB
379,Y,F,OB
357,N,U,HYB
341,Y,F,OB
347,Y,F,OB
341,Y,F,OB
291,Y,M,OB
287,Y,M,OB
313,Y,M,OB
286,N,U,OB
296,Y,M,PEC
281,N,U,HYB
295,N,U,PEC
297,Y,M,OB
279,Y,M,OB
261,Y,F,OB
303,N,U,OB
295,Y,M,OB
292,Y,M,OB
300,Y,M,OB
285,Y,M,OB
276,Y,F,OB
315,Y,F,OB
285,Y,M,OB
313,N,U,OB
305,Y,M,OB
290,Y,M,OB
302,Y,M,HYB
284,Y,F,OB
310,Y,M,HYB
283,Y,F,PEC
323,Y,M,OB
291,Y,M,OB
265,N,U,OB
327,Y,F,OB
304,Y,M,OB
304,Y,M,OB
289,Y,F,PEC
314,Y,M,OB
280,Y,M,OB
291,Y,M,OB
293,Y,M,OB
261,Y,F,OB
297,Y,M,OB
165,Y,M,OB
169,N,U,OB
172,N,U,PEC
167,N,U,OB
170,N,U,OB
316,Y,M,HYB
306,Y,M,OB
312,Y,M,OB
323,Y,M,OB
333,Y,F,OB
317,Y,M,OB
313,Y,M,OB
321,Y,M,OB
397,Y,M,HYB
328,Y,M,HYB
399,Y,M,OB
308,Y,M,OB
317,Y,F,OB
305,Y,M,OB
304,Y,M,OB
315,Y,M,HYB
300,Y,M,OB
308,Y,M,OB
328,Y,M,OB
324,Y,M,OB
325,Y,F,OB
322,Y,M,OB
313,Y,M,HYB
318,Y,F,OB
313,Y,M,PEC
329,Y,M,OB
316,Y,M,OB
294,Y,M,HYB
307,Y,M,OB
297,Y,M,OB
325,Y,M,OB
328,Y,M,OB
293,Y,M,OB
308,Y,M,OB
312,Y,M,OB
325,Y,M,OB
360,Y,F,OB
254,Y,F,PEC
229,Y,M,OB
253,N,U,OB
265,Y,F,PEC
341,Y,F,PEC
319,Y,F,PEC
260,Y,F,PEC
340,Y,F,OB
250,Y,M,PEC
193,Y,F,PEC
332,Y,F,PEC
346,N,U,OB
285,Y,M,OB
242,N,U,PEC
247,Y,M,PEC
246,Y,F,PEC
250,N,U,PEC
246,Y,M,PEC
167,N,U,OB
260,Y,F,PEC
286,Y,F,PEC
255,Y,M,PEC
256,Y,M,PEC
242,Y,M,PEC
239,N,U,PEC
277,N,U,PEC
255,Y,M,PEC
206,N,U,PEC
243,Y,M,PEC
301,Y,M,HYB
231,Y,M,PEC
282,Y,F,PEC
290,Y,M,PEC
276,Y,M,PEC
306,Y,M,OB
266,N,U,PEC
245,Y,M,PEC
276,Y,F,PEC
271,Y,F,PEC
262,Y,F,PEC
268,Y,M,OB
304,Y,M,OB
269,Y,F,PEC
248,Y,F,OB
236,Y,F,PEC
265,Y,M,PEC
318,Y,F,PEC
305,Y,F,HYB
264,N,U,PEC
298,Y,M,HYB
234,Y,M,PEC
301,Y,M,OB
270,Y,M,PEC
327,Y,F,PEC
260,Y,M,PEC
264,Y,M,PEC
251,Y,M,PEC
302,Y,F,PEC
255,Y,F,PEC
247,Y,M,PEC
251,Y,M,PEC
247,N,U,OB
296,Y,M,PEC
267,N,U,PEC
317,Y,F,PEC
325,Y,F,PEC
341,Y,F,OB
225,N,U,OB
260,Y,F,PEC
251,Y,M,PEC
252,Y,M,PEC
287,Y,M,OB
321,Y,F,OB
150,N,U,U
275,Y,F,PEC
247,Y,M,PEC
275,Y,F,PEC
277,Y,F,PEC
283,Y,F,PEC
247,Y,M,PEC
161,N,U,OB
249,N,U,HYB
200,N,U,OB
165,Y,F,OB
371,Y,F,OB
358,Y,F,OB
303,Y,M,PEC
255,Y,F,PEC
256,Y,F,PEC
375,N,U,OB
382,Y,F,OB
364,Y,F,OB
340,N,U,OB
347,Y,F,OB
347,Y,F,HYB
362,Y,F,OB
346,Y,F,PEC
355,Y,F,PEC
287,Y,M,PEC
184,N,U,PEC
302,Y,M,OB
306,Y,M,OB
307,Y,M,OB
327,Y,M,OB
306,Y,M,OB
296,Y,F,OB
322,Y,M,HYB
308,Y,M,PEC
315,Y,M,OB
330,Y,F,OB
311,Y,F,OB
326,Y,M,OB
329,Y,F,OB
324,Y,F,OB
306,Y,M,HYB
326,Y,M,OB
323,Y,F,OB
322,Y,M,OB
331,Y,F,OB
305,N,U,OB
327,Y,M,OB
306,Y,F,OB
318,Y,M,OB
311,Y,M,OB
318,Y,M,HYB
299,Y,M,HYB
308,Y,F,OB
298,Y,M,OB
304,Y,M,OB
311,Y,M,OB
308,Y,M,HYB
330,Y,M,OB
303,Y,M,HYB
299,Y,M,OB
300,Y,M,OB
320,Y,F,HYB
337,Y,F,OB
324,Y,M,HYB
312,Y,M,OB
317,Y,M,HYB
320,Y,M,OB
386,Y,M,OB
287,Y,M,OB
283,N,U,OB
277,N,U,U
295,Y,M,OB
270,Y,M,PEC
265,Y,M,PEC
289,Y,M,OB
275,Y,M,PEC
264,N,U,PEC
303,Y,M,HYB
255,N,U,PEC
361,Y,F,OB
300,Y,M,OB
282,Y,M,HYB
298,Y,M,OB
275,Y,M,OB
227,N,U,PEC
282,N,U,OB
274,Y,M,PEC
302,Y,M,OB
291,Y,M,OB
276,N,U,OB
320,Y,M,OB
285,Y,M,OB
306,Y,M,PEC
268,N,U,OB
288,N,U,PEC
266,Y,M,PEC
285,Y,M,OB
326,Y,F,OB
302,Y,M,OB
270,N,U,OB
282,Y,M,PEC
276,Y,M,PEC
291,Y,M,HYB
284,Y,M,PEC
261,Y,M,PEC
276,Y,M,OB
267,Y,M,PEC
270,Y,M,PEC
266,Y,M,OB
265,Y,M,OB
283,Y,M,OB
282,Y,M,OB
280,Y,M,HYB
263,Y,F,PEC
295,Y,M,PEC
285,Y,F,HYB
260,Y,F,PEC
258,N,U,PEC
250,Y,M,PEC
267,Y,M,PEC
324,Y,F,HYB
254,N,U,PEC
236,N,U,PEC
265,Y,M,PEC
235,Y,M,OB
250,Y,F,PEC
275,Y,F,PEC
260,Y,F,PEC
285,Y,F,PEC
234,N,U,OB
255,Y,M,PEC
246,N,U,PEC
253,Y,M,PEC
260,Y,M,PEC
270,Y,M,PEC
263,Y,F,PEC
266,Y,F,PEC
225,Y,M,OB
255,Y,M,PEC
257,Y,M,PEC
257,Y,M,PEC
285,Y,M,PEC
248,Y,M,PEC
230,N,U,PEC
257,Y,M,PEC
255,N,U,PEC
256,Y,M,PEC
233,Y,M,OB
262,Y,M,PEC
248,Y,M,PEC
258,Y,M,PEC
219,N,U,OB
250,Y,M,PEC
225,N,U,PEC
256,Y,M,PEC
266,Y,F,PEC
260,Y,M,PEC
262,N,U,PEC
280,N,U,PEC
259,Y,F,PEC
241,N,U,PEC
288,N,U,PEC
169,N,U,U
182,N,U,PEC
181,N,U,PEC
183,N,U,PEC
163,N,U,OB
310,Y,F,PEC
316,Y,F,PEC
326,Y,F,OB
336,Y,F,PEC
315,Y,F,PEC
335,Y,F,PEC
304,Y,F,PEC
318,Y,F,OB
289,Y,M,OB
317,Y,F,PEC
335,Y,F,PEC
314,Y,F,PEC
315,Y,F,OB
336,Y,F,PEC
264,Y,F,PEC
321,Y,F,PEC
320,Y,F,OB
318,Y,F,PEC
352,Y,F,PEC
336,Y,F,PEC
326,Y,F,PEC
226,Y,F,PEC
264,Y,F,PEC
263,Y,F,PEC
277,Y,F,PEC
272,Y,M,PEC
251,N,U,PEC
295,Y,M,PEC
290,Y,F,PEC
278,Y,F,PEC
280,Y,F,PEC
270,Y,F,PEC
267,Y,F,PEC
280,Y,F,PEC
296,Y,F,PEC
262,Y,F,PEC
268,Y,M,PEC
263,Y,F,PEC
282,Y,F,PEC
267,Y,F,PEC
283,Y,F,PEC
257,Y,M,PEC
280,Y,F,PEC
256,Y,M,PEC
268,Y,M,PEC
290,Y,F,PEC
271,Y,F,PEC
273,Y,F,PEC
273,Y,F,PEC
281,Y,F,PEC
260,N,U,PEC
274,N,U,PEC
270,Y,F,PEC
267,N,U,OB
302,N,U,OB
317,N,U,OB
314,N,U,HYB
322,Y,M,OB
288,N,U,OB
325,Y,F,OB
274,N,U,PEC
305,Y,M,HYB
228,N,U,OB
302,N,U,OB
364,Y,F,OB
254,N,U,OB
286,N,U,OB
334,Y,F,PEC
267,N,U,PEC
155,N,U,OB
259,N,U,OB
268,N,U,OB
157,N,U,PEC
300,Y,M,OB
299,Y,M,PEC
259,N,U,OB
154,N,U,OB
160,N,U,PEC
275,N,U,HYB
163,N,U,OB
227,N,U,OB
160,N,U,HYB
161,N,U,HYB
177,N,U,HYB
164,N,U,OB
151,N,U,OB
166,N,U,OB
184,N,U,PEC
336,N,U,OB
329,Y,F,PEC
177,N,U,HYB
152,N,U,OB
157,N,U,OB
162,N,U,OB
265,N,U,OB
181,N,U,HYB
285,Y,M,U
237,N,U,OB
247,N,U,OB
309,Y,F,OB
327,Y,F,OB
166,N,U,HYB
389,N,U,OB
321,Y,F,OB
164,N,U,U
271,Y,F,OB
316,N,U,OB
293,N,U,OB
285,N,U,OB
187,N,U,OB
263,N,U,PEC
328,N,U,OB
257,N,U,OB
259,N,U,OB
262,Y,F,OB
158,N,U,OB
170,N,U,OB
229,N,U,HYB
304,N,M,OB
281,Y,M,OB
172,N,U,PEC
248,N,U,OB
172,N,U,PEC
290,N,U,OB
262,N,U,OB
238,Y,M,HYB
174,N,U,PEC
298,Y,M,OB
169,N,U,OB
160,N,U,OB
175,N,U,OB
232,N,U,PEC
355,N,U,OB
367,Y,F,OB
309,Y,F,HYB
187,N,U,OB
161,N,U,HYB
173,N,U,PEC
284,N,U,OB
269,N,U,OB
167,N,U,OB
314,N,U,OB
277,N,U,HYB
217,N,U,OB
300,N,U,OB
261,N,U,OB
297,N,U,OB
314,N,U,OB
373,N,U,OB
290,Y,F,OB
265,N,U,OB
227,N,U,OB
257,Y,F,PEC
278,N,U,OB
294,Y,M,OB
173,N,U,PEC
162,N,U,OB
190,N,U,PEC
172,N,U,HYB
167,N,U,PEC
239,Y,M,OB
282,Y,M,OB
305,N,U,OB
273,Y,M,OB
291,Y,M,OB
174,N,U,PEC
235,N,U,OB
265,N,U,OB
167,N,U,OB
289,N,U,HYB
166,N,U,HYB
170,N,U,OB
184,N,U,HYB
350,N,U,OB
361,N,U,PEC
291,N,U,OB
315,N,U,HYB
295,N,U,OB
277,N,U,OB
265,N,U,OB
304,N,U,OB
266,N,U,OB
271,N,U,HYB
247,N,U,PEC
256,N,U,PEC
237,N,U,HYB
264,N,U,PEC
250,N,U,PEC
245,N,U,PEC
243,N,U,PEC
221,N,U,PEC
215,N,U,PEC
243,N,U,PEC
257,N,U,PEC
250,N,U,PEC
251,N,U,PEC
241,Y,M,OB
262,N,U,PEC
257,Y,M,PEC
251,Y,M,PEC
244,N,U,U
273,N,U,PEC
286,Y,M,PEC
258,N,U,PEC
225,N,U,PEC
299,Y,F,OB
320,N,U,OB
317,Y,M,OB
305,N,U,OB
315,N,U,OB
314,N,U,OB
310,N,U,OB
328,N,U,OB
284,N,U,OB
307,N,U,OB
304,N,U,OB
295,N,U,OB
286,Y,M,OB
255,N,U,PEC
276,N,U,OB
282,N,U,OB
381,Y,M,OB
291,N,U,OB
259,Y,M,PEC
331,N,U,HYB
291,N,U,PEC
266,N,U,OB
290,N,U,OB
274,Y,M,OB
312,N,U,OB
313,N,U,OB
271,N,U,OB
296,N,U,OB
270,N,U,OB
250,Y,M,PEC
280,Y,M,OB
314,N,U,OB
217,N,U,OB
240,N,U,PEC
261,N,U,OB
230,N,U,OB
265,N,U,PEC
245,N,U,PEC
237,N,U,PEC
274,N,U,PEC
227,N,U,PEC
271,N,U,OB
365,Y,M,OB
224,N,U,PEC
347,Y,M,OB
350,N,U,OB
167,N,U,OB
150,Y,M,PEC
156,N,U,PEC
151,N,U,PEC
160,N,U,PEC
161,N,U,PEC
166,N,U,OB
175,N,U,OB
173,N,U,OB
190,N,U,PEC
136,N,U,PEC
161,N,U,OB
180,N,U,PEC
155,N,U,PEC
165,N,U,U
172,N,U,PEC
177,N,U,OB
167,Y,M,OB
200,N,U,OB
195,N,U,PEC
180,Y,M,PEC
165,N,U,OB
175,N,U,OB
197,N,U,OB
170,N,U,PEC
157,N,U,OB
178,N,U,PEC
172,N,U,OB
176,N,U,OB
155,N,U,OB
174,N,U,OB
163,N,U,OB
160,Y,M,OB
170,N,U,U
185,N,U,OB
175,N,U,PEC
166,N,U,PEC
166,N,U,PEC
172,N,U,PEC
176,N,U,OB
156,N,U,PEC
169,N,U,OB
167,N,U,PEC
190,N,U,OB
152,N,U,PEC
182,N,U,PEC
180,N,U,PEC
152,N,U,OB
172,N,U,OB
175,Y,M,OB
169,N,U,U
173,N,U,OB
182,N,U,U
170,N,U,OB
172,Y,M,OB
180,N,U,PEC
205,N,U,PEC
147,N,U,PEC
180,Y,M,PEC
170,Y,M,PEC
143,N,U,OB
165,N,U,OB
153,N,U,OB
160,N,U,OB
165,N,U,PEC
153,N,U,OB
181,N,U,PEC
176,N,U,OB
170,N,U,OB
152,N,U,PEC
180,N,U,PEC
176,N,U,PEC
188,N,U,OB
155,N,U,PEC
288,Y,M,PEC
164,N,U,PEC
154,N,U,PEC
163,N,U,PEC
152,N,U,OB
161,N,U,OB
160,N,U,PEC
164,N,U,PEC
172,N,U,PEC
166,N,U,PEC
191,N,U,PEC
169,N,U,PEC
315,Y,F,OB
307,N,U,OB
326,N,U,PEC
300,Y,M,OB
293,N,U,OB
305,N,U,PEC
366,Y,F,OB
323,N,U,OB
278,N,U,PEC
264,N,U,PEC
282,N,U,OB
279,Y,M,OB
295,N,U,OB
270,Y,M,HYB
307,Y,F,OB
288,Y,M,OB
280,N,U,PEC
268,N,U,OB
275,N,U,PEC
251,N,U,PEC
249,N,U,PEC
216,N,U,OB
246,N,U,PEC
246,N,U,PEC
249,N,U,OB
246,N,U,OB
210,Y,M,PEC
205,N,U,OB
231,N,U,OB
213,N,U,PEC
230,N,U,OB
241,Y,M,PEC
230,N,U,PEC
265,Y,F,PEC
179,N,U,U
302,N,U,OB
336,N,U,OB
280,N,U,OB
320,N,U,OB
301,N,U,OB
323,N,U,OB
301,N,U,OB
324,N,U,OB
336,N,U,OB
264,N,U,OB
315,N,U,OB
295,N,U,OB
307,Y,M,OB
295,N,U,PEC
321,N,U,OB
305,Y,M,PEC
279,N,U,PEC
290,Y,M,OB
267,N,U,PEC
314,Y,M,OB
313,Y,M,OB
261,N,U,OB
150,N,U,OB
287,N,U,PEC
262,N,U,OB
163,N,U,OB
333,N,U,OB
339,N,U,OB
196,N,U,OB
170,N,U,OB
345,N,U,OB
321,Y,M,PEC
334,N,U,PEC
300,Y,M,OB
321,N,U,PEC
339,N,U,OB
286,Y,M,PEC
309,N,U,OB
296,N,U,OB
307,N,U,OB
327,Y,M,OB
341,N,U,OB
296,Y,M,OB
329,N,U,OB
300,N,U,OB
315,N,U,OB
315,Y,M,PEC
330,N,U,OB
320,Y,M,OB
331,Y,M,PEC
267,Y,M,OB
270,Y,M,OB
295,N,U,OB
271,N,U,OB
154,N,U,PEC
261,N,U,PEC
260,N,U,OB
162,N,U,PEC
171,N,U,OB
172,N,U,OB
172,N,U,OB
161,N,U,U
291,N,U,OB
262,N,U,PEC
261,N,U,PEC
264,N,U,PEC
247,N,U,PEC
251,N,U,PEC
241,N,U,PEC
210,N,U,PEC
251,N,U,PEC
241,N,U,PEC
246,N,U,PEC
256,N,U,OB
245,N,U,PEC
251,N,U,PEC
265,N,U,PEC
210,N,U,PEC
310,N,U,OB
336,N,U,OB
331,Y,M,OB
336,N,U,OB
154,N,U,OB
166,N,U,U
165,N,U,PEC
290,N,U,OB
165,N,U,OB
177,N,U,OB
190,N,U,U
180,N,U,OB
189,N,U,OB
176,N,U,PEC
167,N,U,PEC
177,N,U,OB
191,N,U,PEC
170,N,U,OB
177,N,U,OB
154,N,U,PEC
171,N,U,OB
172,N,U,OB
186,N,U,OB
167,N,U,OB
317,N,U,PEC
154,N,U,OB
181,N,U,OB
181,N,U,PEC
173,N,U,OB
173,N,U,OB
179,N,U,PEC
185,N,U,PEC
151,N,U,OB
188,N,U,PEC
254,Y,M,PEC
246,N,U,PEC
295,Y,M,OB
257,Y,M,OB
236,N,U,OB
254,Y,M,OB
250,N,U,PEC
280,N,U,U
251,N,U,PEC
201,Y,F,OB
267,N,U,OB
261,N,U,U
253,N,U,PEC
243,N,U,PEC
243,N,U,OB
270,N,U,PEC
255,N,U,OB
224,Y,M,PEC
256,N,U,PEC
276,N,U,OB
269,Y,M,OB
302,Y,F,OB
245,Y,M,HYB
305,Y,M,OB
376,Y,F,OB
182,N,U,PEC
193,Y,F,PEC
180,N,U,U
177,N,U,OB
169,N,U,U
182,N,U,OB
163,N,U,OB
190,N,U,OB
190,N,U,U
167,N,U,OB
178,N,U,OB
176,N,U,U
166,N,U,PEC
171,Y,M,OB
171,N,U,U
165,N,U,OB
171,N,U,PEC
175,N,U,PEC
150,N,U,PEC
155,N,U,PEC
175,N,U,OB
161,N,U,OB
188,N,U,OB
194,N,U,U
192,N,U,OB
188,N,U,OB
165,N,U,OB
161,N,U,U
171,N,U,OB
175,N,U,OB
155,N,U,OB
195,N,U,PEC
174,N,U,U
171,N,U,PEC
172,N,U,OB
164,N,U,U
173,Y,M,OB
157,N,U,OB
183,N,U,U
320,N,U,OB
347,N,U,OB
330,N,U,OB
360,Y,M,OB
351,Y,M,OB
364,Y,M,OB
295,Y,F,U
297,N,U,OB
327,N,U,OB
321,N,U,OB
327,N,U,OB
347,Y,F,OB
311,N,U,OB
312,Y,M,OB
330,N,U,PEC
301,Y,M,OB
309,Y,M,OB
308,Y,M,U
290,Y,M,OB
337,Y,F,OB
321,N,U,OB
271,N,U,PEC
302,N,U,OB
310,N,U,OB
275,N,U,OB
317,Y,M,OB
315,N,U,OB
300,Y,M,OB
287,Y,M,OB
301,Y,M,OB
304,Y,M,OB
316,Y,M,OB
268,N,U,PEC
297,Y,F,OB
331,Y,M,OB
321,Y,F,OB
291,Y,M,PEC
287,Y,M,OB
308,Y,M,OB
321,N,U,OB
317,N,U,OB
305,Y,M,OB
347,Y,F,OB
291,Y,M,OB
301,Y,M,OB
297,N,U,OB
271,Y,M,OB
287,N,U,PEC
281,Y,M,HYB
292,Y,M,OB
267,Y,M,PEC
280,Y,M,OB
259,Y,M,OB
287,Y,M,OB
310,N,U,OB
289,Y,M,OB
295,U,U,PEC
304,N,U,OB
276,Y,M,OB
359,N,U,OB
283,N,U,PEC
217,N,U,OB
251,Y,M,OB
220,N,U,OB
227,N,U,OB
223,N,U,PEC
230,N,U,OB
260,Y,F,PEC
206,N,U,OB
205,N,U,HYB
252,N,U,OB
265,N,U,PEC
254,N,U,PEC
225,Y,M,OB
218,N,U,PEC
241,Y,M,OB
247,Y,M,PEC
318,N,U,OB
178,N,U,PEC
155,Y,M,U
170,Y,M,OB
169,N,U,U
160,N,U,OB
161,Y,M,OB
166,N,U,OB
158,N,U,OB
187,N,U,PEC
165,Y,M,OB
163,N,U,PEC
161,N,U,OB
160,N,U,OB
165,N,U,OB
191,N,U,PEC
164,N,U,PEC
162,N,U,PEC
169,N,U,OB
171,N,U,OB
180,N,U,PEC
161,N,U,OB
192,N,U,OB
170,Y,M,OB
183,Y,M,OB
354,Y,M,OB
310,Y,F,OB
320,Y,M,OB
314,Y,M,OB
315,N,U,PEC
319,Y,F,PEC
305,U,U,OB
297,Y,M,OB
306,N,U,PEC
339,Y,M,OB
307,Y,F,PEC
331,Y,M,OB
343,Y,F,OB
313,N,U,OB
313,Y,M,OB
322,Y,M,OB
170,N,U,U
174,N,U,OB
175,N,U,OB
156,N,U,OB
157,Y,M,OB
170,N,U,PEC
185,N,U,PEC
147,N,U,OB
169,Y,M,OB
159,N,U,PEC
170,N,U,PEC
172,N,U,PEC
220,N,U,PEC
156,N,U,OB
153,Y,M,OB
174,N,U,PEC
181,N,U,OB
161,N,U,PEC
344,Y,M,OB
299,N,U,OB
186,N,U,OB
181,N,U,PEC
259,N,U,PEC
266,N,U,PEC
178,Y,M,PEC
178,N,U,OB
177,N,U,PEC
172,N,U,PEC
190,N,U,PEC
173,Y,M,U
178,N,U,PEC
176,N,U,PEC
165,N,U,OB
181,N,U,OB
183,N,U,PEC
170,N,U,OB
270,N,U,OB
181,N,U,PEC
152,N,U,U
177,N,U,OB
153,N,U,OB
160,N,U,OB
173,N,U,OB
170,N,U,OB
161,N,U,OB
190,N,U,PEC
151,N,U,OB
179,N,U,PEC
153,Y,M,PEC
186,N,U,PEC
181,Y,M,OB
171,N,U,U
183,N,U,OB
176,N,U,OB
147,N,U,PEC
206,N,U,PEC
215,N,U,PEC
225,N,U,PEC
253,N,U,HYB
217,N,U,PEC
264,N,U,PEC
249,N,U,PEC
260,N,U,OB
241,N,U,PEC
253,N,U,PEC
250,N,U,OB
234,N,U,PEC
385,Y,F,OB
286,N,U,OB
333,Y,M,OB
301,Y,M,OB
320,N,U,OB
320,N,U,OB
323,N,U,OB
311,N,U,OB
295,N,U,PEC
327,N,U,OB
319,Y,M,OB
360,Y,M,OB
310,Y,F,PEC
188,N,U,PEC
160,N,U,U
181,N,U,OB
184,N,U,OB
177,Y,M,PEC
183,N,U,PEC
200,N,U,OB
167,N,U,PEC
185,Y,M,PEC
173,N,U,OB
182,Y,M,PEC
166,Y,M,U
189,Y,M,PEC
165,N,U,OB
187,N,U,OB
173,N,U,OB
166,N,U,OB
169,N,U,OB
173,N,U,OB
158,N,U,OB
183,N,U,OB
173,N,U,PEC
174,N,U,U
173,N,U,U
295,Y,F,OB
274,N,U,OB
294,N,U,OB
269,Y,F,PEC
305,Y,M,PEC
300,N,U,OB
254,Y,M,OB
264,N,U,OB
321,Y,M,OB
295,N,U,OB
302,Y,F,OB
295,Y,M,PEC
302,Y,M,OB
315,Y,M,PEC
279,Y,M,OB
258,N,U,OB
272,N,U,PEC
299,Y,M,OB
311,Y,F,OB
295,Y,M,U
275,Y,M,OB
320,Y,F,HYB
294,N,U,OB
133,N,U,U
186,N,U,OB
171,N,U,OB
162,Y,M,OB
171,N,U,OB
170,Y,M,U
168,N,U,OB
164,N,U,OB
171,N,U,PEC
185,N,U,U
171,N,U,PEC
166,Y,M,OB
171,Y,F,OB
189,N,U,PEC
156,N,U,OB
171,Y,M,OB
176,N,U,PEC
172,N,U,PEC
165,Y,M,OB
167,N,U,OB
167,Y,F,PEC
172,Y,M,U
170,N,U,OB
183,N,U,OB
144,N,U,U
193,N,U,OB
172,N,U,OB
177,N,U,PEC
175,Y,M,OB
180,Y,M,PEC
171,N,U,OB
180,N,U,OB
180,N,U,OB
181,Y,M,OB
193,N,U,OB
178,Y,M,PEC
175,N,U,OB
170,N,U,PEC
168,N,U,OB
170,N,U,PEC
190,N,U,OB
171,N,U,PEC
177,N,U,PEC
171,Y,M,PEC
165,N,U,OB
181,N,U,OB
182,N,U,OB
190,N,U,PEC
175,N,U,OB
174,Y,M,PEC
179,N,U,OB
190,N,U,PEC
185,N,U,PEC
177,N,U,OB
185,Y,M,PEC
175,Y,M,OB
180,Y,M,PEC
169,N,U,PEC
175,N,U,OB
175,N,U,OB
171,N,U,HYB
172,N,U,OB
183,N,U,OB
165,Y,M,OB
161,N,U,OB
181,N,U,OB
180,N,U,PEC
161,N,U,PEC
181,N,U,OB
180,N,U,OB
190,N,U,PEC
175,N,U,PEC
174,N,U,U
168,Y,M,OB
168,N,U,HYB
183,N,U,PEC
176,N,U,PEC
180,N,U,PEC
173,N,U,OB
179,Y,M,OB
160,N,U,PEC
188,N,U,OB
174,N,U,OB
166,N,U,PEC
178,N,U,OB
168,N,U,OB
180,N,U,OB
190,N,U,U
191,Y,M,PEC
183,N,U,OB
190,N,U,PEC
191,N,U,PEC
173,N,U,OB
175,N,U,OB
180,N,U,PEC
185,N,U,PEC
180,N,U,OB
181,N,U,PEC
180,N,U,PEC
333,N,U,OB
343,Y,M,OB
338,Y,F,OB
325,N,U,OB
314,Y,F,OB
389,N,U,HYB
313,N,U,OB
325,N,U,OB
282,N,U,OB
293,N,U,OB
276,N,U,OB
297,N,U,OB
297,N,U,HYB
308,Y,M,OB
294,Y,F,OB
307,N,U,OB
315,N,U,OB
219,N,U,OB
219,N,U,OB
213,N,U,OB
216,N,U,OB
228,N,U,HYB
208,N,U,OB
234,N,U,OB
244,N,U,OB
228,N,U,OB
245,N,U,OB
209,N,U,OB
221,N,U,OB
231,N,U,HYB
240,N,U,PEC
173,N,U,OB
176,N,U,HYB
174,N,U,OB
172,N,U,OB
166,N,U,OB
330,N,U,OB
353,Y,F,OB
248,N,U,OB
281,Y,F,PEC
268,N,U,OB
272,Y,M,OB
267,Y,M,OB
284,Y,M,HYB
288,Y,F,PEC
320,N,U,OB
321,N,U,OB
333,N,U,OB
336,N,U,OB
347,N,U,OB
338,N,U,HYB
162,N,U,OB
320,N,U,OB
275,N,U,PEC
321,N,U,OB
335,N,U,OB
319,N,U,HYB
330,N,U,OB
347,N,U,OB
156,N,U,U
170,N,U,PEC
343,N,U,OB
356,N,U,OB
343,N,U,OB
337,N,U,OB
331,N,U,OB
267,N,U,PEC
154,N,U,PEC
290,Y,M,OB
331,N,U,OB
327,N,U,OB
341,Y,F,OB
293,N,U,OB
287,N,U,OB
258,N,U,OB
320,N,U,HYB
311,N,U,OB
266,N,U,OB
299,N,U,OB
315,N,U,OB
325,N,U,HYB
301,N,U,OB
302,N,U,OB
245,N,U,OB
318,N,U,OB
260,N,U,OB
250,N,U,OB
315,N,U,OB
350,N,U,OB
314,N,U,HYB
266,N,U,OB
223,N,U,OB
247,N,U,OB
272,N,U,OB
242,N,U,OB
240,N,U,OB
228,N,U,OB
245,N,U,OB
268,N,U,PEC
259,N,U,OB
164,N,U,PEC
165,N,U,OB
163,N,U,OB
174,N,U,PEC
251,N,U,OB
162,N,U,PEC
235,N,U,OB
164,N,U,OB
335,N,U,OB
242,N,U,OB
232,N,U,OB
234,N,U,OB
254,N,U,OB
290,Y,M,OB
199,N,U,PEC
289,N,U,OB
162,N,U,OB
185,N,U,PEC
296,N,U,OB
305,N,U,OB
293,Y,F,OB
258,N,U,OB
281,N,U,OB
280,N,U,OB
265,Y,M,OB
355,N,U,OB
263,N,U,OB
245,N,U,OB
239,N,U,OB
265,N,U,OB
235,N,U,OB
250,N,U,OB
275,N,U,HYB
276,N,U,OB
232,N,U,OB
312,N,U,OB
300,N,U,OB
220,N,U,OB
227,N,U,OB
259,N,U,OB
314,N,U,HYB
316,N,U,HYB
222,N,U,PEC
226,N,U,PEC
253,N,U,OB
325,N,U,OB
307,N,U,OB
284,N,U,OB
283,N,U,PEC
242,N,U,OB
261,N,U,OB
237,N,U,PEC
240,N,U,OB
255,N,U,OB
230,N,U,OB
262,N,U,OB
159,N,U,OB
251,N,U,OB
257,N,U,OB
256,N,U,OB
236,N,U,OB
166,N,U,PEC
224,N,U,OB
240,N,U,OB
161,N,U,PEC
321,N,U,OB
160,N,U,PEC
240,N,U,OB
240,N,U,PEC
239,N,U,OB
260,N,U,OB
331,N,U,PEC
325,N,U,OB
321,N,U,OB
329,N,U,PEC
336,Y,F,OB
305,N,U,HYB
334,N,U,OB
161,N,U,HYB
168,N,U,U
198,N,U,PEC
175,Y,F,PEC
168,N,U,OB
160,N,U,PEC
178,N,U,PEC
167,N,U,HYB
168,N,U,OB
281,N,U,PEC
278,N,U,PEC
319,N,U,PEC
291,N,U,HYB
265,N,U,PEC
333,N,U,OB
283,N,U,PEC
284,N,U,PEC
298,N,U,HYB
354,Y,F,OB
256,N,U,PEC
224,N,U,OB
324,N,U,OB
264,N,U,PEC
257,Y,F,PEC
266,N,U,PEC
251,N,U,PEC
271,N,U,PEC
286,Y,M,HYB
255,N,U,PEC
279,N,U,PEC
261,N,U,HYB
265,N,U,PEC
245,N,U,PEC
253,Y,M,PEC
247,N,U,PEC
224,N,U,PEC
260,N,U,PEC
259,N,U,PEC
257,N,U,HYB
258,N,U,PEC
305,N,U,OB
314,N,U,OB
315,N,U,OB
315,N,U,OB
341,N,U,OB
325,N,U,OB
310,N,U,OB
317,N,U,OB
345,N,U,OB
315,N,U,HYB
341,N,U,OB
323,N,U,OB
313,N,U,OB
298,Y,M,OB
271,N,U,OB
266,N,U,PEC
283,N,U,HYB
280,N,U,PEC
314,N,U,OB
276,N,U,OB
285,N,U,OB
342,N,U,OB
283,N,U,OB
313,Y,F,OB
281,Y,M,OB
315,N,U,OB
314,N,U,PEC
310,N,U,OB
292,Y,M,OB
334,Y,F,HYB
265,N,U,HYB
278,N,U,OB
242,N,U,OB
309,N,U,OB
235,N,U,OB
278,Y,M,OB
253,N,U,OB
226,N,U,OB
233,N,U,PEC
228,N,U,HYB
247,Y,M,OB
236,N,U,OB
253,N,U,OB
256,N,U,OB
315,Y,M,HYB
322,N,U,OB
231,N,U,HYB
276,Y,M,HYB
243,N,U,HYB
277,N,U,OB
230,N,U,OB
253,N,U,OB
271,N,U,PEC
215,N,U,OB
216,N,U,OB
174,N,U,OB
194,N,U,OB
172,N,U,OB
168,N,U,PEC
188,N,U,OB
182,N,U,OB
168,N,U,OB
180,N,U,HYB
183,N,U,HYB
178,N,U,HYB
195,N,U,OB
198,N,U,OB
184,N,U,OB
167,N,U,OB
175,N,U,OB
172,N,U,OB
160,N,U,OB
183,N,U,OB
163,N,U,OB
181,N,U,OB
167,N,U,PEC
158,N,U,OB
188,N,U,PEC
211,N,U,HYB
159,N,U,OB
173,N,U,HYB
194,N,U,OB
165,N,U,HYB
165,N,U,PEC
174,N,U,OB
180,N,U,OB
196,N,U,PEC
185,N,U,OB
178,N,U,PEC
175,N,U,OB
157,N,U,OB
183,N,U,OB
163,N,U,PEC
179,N,U,OB
170,N,U,PEC
163,N,U,HYB
165,N,U,OB
166,N,U,PEC
186,N,U,PEC
173,N,U,OB
184,N,U,HYB
185,N,U,OB
177,N,U,PEC
193,N,U,OB
157,N,U,U
174,Y,M,OB
194,N,U,OB
183,N,U,OB
160,N,U,OB
167,N,U,HYB
173,N,U,OB
178,N,U,OB
173,N,U,OB
179,N,U,OB
161,N,U,OB
175,N,U,OB
327,N,U,OB
168,N,U,HYB
164,N,U,OB
172,U,U,U
159,N,U,OB
167,N,U,OB
169,N,U,OB
167,N,U,OB
169,N,U,OB
162,N,U,OB
192,N,U,HYB
166,N,U,OB
166,N,U,HYB
172,N,U,OB
318,N,U,OB
329,N,U,HYB
324,N,U,OB
330,N,U,HYB
303,Y,M,OB
312,N,U,OB
322,N,U,HYB
313,N,U,OB
350,N,U,OB
317,Y,M,OB
310,N,U,OB
305,Y,M,OB
352,N,U,OB
333,N,U,HYB
327,N,U,OB
323,N,U,HYB
331,N,U,OB
318,Y,M,OB
296,Y,M,OB
290,N,U,OB
303,N,U,OB
272,Y,F,OB
286,N,U,OB
275,N,U,OB
305,Y,F,OB
295,N,U,PEC
327,N,U,HYB
313,N,U,OB
304,N,U,U
283,Y,M,HYB
274,Y,M,OB
291,Y,M,OB
237,N,U,OB
219,N,U,OB
294,N,U,OB
207,N,U,OB
224,N,U,HYB
220,N,U,OB
228,N,U,OB
228,N,U,OB
222,N,U,OB
227,N,U,OB
211,N,U,OB
227,N,U,OB
219,N,U,OB
219,N,U,OB
333,N,U,OB
354,N,U,HYB
337,N,U,OB
315,N,U,OB
272,N,U,OB
334,N,U,OB
377,N,U,OB
325,N,U,OB
343,N,U,OB
179,N,U,OB
163,N,U,OB
157,N,U,OB
168,N,U,OB
162,N,U,OB
160,N,U,OB
167,N,U,OB
328,N,U,OB
173,N,U,OB
172,N,U,OB
181,N,U,OB
165,N,U,OB
339,N,U,OB
237,N,U,OB
185,N,U,PEC
234,N,U,PEC
168,N,U,OB
163,N,U,HYB
152,N,U,HYB
186,N,U,PEC
167,N,U,OB
171,N,U,OB
185,N,U,PEC
322,N,U,OB
167,N,U,OB
163,N,U,PEC
323,N,U,OB
187,N,U,PEC
163,N,U,PEC
167,N,U,PEC
152,N,U,OB
165,N,U,OB
170,N,U,OB
165,N,U,PEC
228,N,U,OB
363,N,U,OB
368,N,U,OB
298,N,U,OB
300,N,U,OB
307,N,U,OB
315,N,U,OB
313,Y,M,OB
305,Y,M,OB
337,Y,F,HYB
256,N,U,PEC
238,N,U,U
244,N,U,PEC
268,N,U,OB
266,N,U,PEC
286,N,U,OB
277,N,U,PEC
245,N,U,OB
239,N,U,PEC
259,N,U,PEC
270,N,U,PEC
256,N,U,PEC
255,N,U,OB
266,N,U,PEC
247,N,U,PEC
236,N,U,PEC
238,N,U,PEC
243,N,U,PEC
336,N,U,OB
319,N,U,OB
327,Y,F,OB
339,N,U,HYB
166,N,U,OB
170,N,U,OB
168,N,U,OB
164,N,U,PEC
163,N,U,OB
177,N,U,PEC
184,N,U,HYB
169,N,U,OB
171,N,U,HYB
194,N,U,HYB
181,N,U,OB
188,N,U,OB
251,N,U,PEC
257,N,U,OB
259,N,U,PEC
312,N,U,OB
267,N,U,PEC
233,N,U,OB
287,N,U,PEC
221,N,U,OB
218,N,U,OB
247,N,U,PEC
224,N,U,OB
362,N,U,OB
277,N,U,OB
350,N,U,OB
171,N,U,OB
164,N,U,PEC
175,N,U,OB
172,N,U,HYB
173,N,U,U
174,N,U,PEC
183,N,U,OB
167,N,U,PEC
165,N,U,PEC
156,N,U,HYB
164,N,U,OB
157,N,U,OB
167,N,U,U
184,N,U,OB
169,N,U,OB
173,N,U,OB
179,N,U,OB
186,N,U,PEC
193,N,U,PEC
166,N,U,OB
180,N,U,OB
168,N,U,OB
197,N,U,OB
177,N,U,PEC
184,N,U,OB
167,N,U,OB
167,N,U,OB
168,N,U,PEC
323,Y,F,OB
322,N,U,OB
298,N,U,OB
335,Y,F,OB
304,N,U,OB
328,N,U,HYB
283,N,U,OB
264,N,U,OB
276,Y,M,OB
283,N,U,OB
278,Y,M,OB
339,N,U,HYB
260,N,U,OB
273,Y,M,OB
219,N,U,OB
242,N,U,OB
200,N,U,OB
159,N,U,OB
163,N,U,OB
157,N,U,OB
185,N,U,OB
313,Y,M,OB
310,N,U,OB
327,N,U,OB
325,N,U,OB
320,N,U,OB
319,N,U,OB
335,N,U,OB
235,N,U,OB
242,N,U,OB
326,Y,M,OB
297,Y,F,OB
170,N,U,OB
170,N,U,OB
180,N,U,OB
287,Y,F,OB
173,N,U,OB
360,Y,F,OB
154,N,U,OB
220,N,U,OB
314,N,U,OB
284,N,U,OB
248,N,U,OB
240,N,U,PEC
234,N,U,OB
240,N,U,OB
222,N,U,HYB
259,N,U,PEC
210,N,U,OB
184,N,U,PEC
181,N,U,PEC
169,N,U,PEC
167,N,U,OB
182,N,U,OB
320,N,U,HYB
328,N,U,OB
302,Y,M,OB
279,N,U,OB
281,N,U,OB
283,N,U,HYB
276,N,U,HYB
285,N,U,OB
277,N,U,PEC
265,N,U,OB
210,N,U,OB
285,Y,F,OB
185,N,U,OB
183,N,U,U
160,N,U,OB
167,N,U,HYB
165,N,U,OB
162,N,U,OB
173,N,U,OB
162,N,U,HYB
170,N,U,OB
172,N,U,OB
175,N,U,HYB
160,N,U,OB
177,N,U,PEC
165,N,U,U
180,N,U,PEC
166,N,U,U
170,N,U,PEC
163,N,U,OB
169,N,U,PEC
193,N,U,PEC
171,N,U,OB
163,N,U,U
177,N,U,OB
157,N,U,OB
181,N,U,OB
183,N,U,PEC
175,N,U,PEC
182,N,U,PEC
169,N,U,PEC
175,N,U,HYB
177,N,U,PEC
160,N,U,OB
180,N,U,PEC
335,N,U,OB
285,N,U,OB
310,N,U,OB
296,Y,M,OB
341,Y,F,OB
334,Y,F,OB
277,N,U,OB
299,Y,M,OB
271,N,U,HYB
253,N,U,HYB
305,Y,F,OB
266,N,U,PEC
273,N,U,OB
270,N,U,HYB
232,N,U,OB
235,N,U,HYB
270,N,U,OB
222,N,U,OB
226,N,U,OB
234,N,U,OB
215,N,U,OB
227,N,U,OB
208,N,U,OB
211,N,U,OB
246,N,U,OB
212,N,U,HYB
219,N,U,OB
237,N,U,PEC
215,N,U,OB
255,N,U,HYB
202,N,U,PEC
234,N,U,OB
236,N,U,HYB
237,N,U,OB
233,N,U,PEC
209,N,U,PEC
269,N,U,PEC
234,N,U,PEC
225,N,U,OB
205,N,U,OB
212,N,U,U
240,N,U,OB
256,N,U,PEC
246,N,U,PEC
165,U,U,U
170,N,U,HYB
168,N,U,OB
157,N,U,OB
225,N,U,HYB
175,N,U,PEC
165,N,U,OB
174,N,U,PEC
175,N,U,OB
166,N,U,OB
183,N,U,OB
169,N,U,HYB
180,N,U,PEC
155,N,U,U
158,N,U,OB
186,N,U,OB
180,N,U,PEC
155,N,U,OB
175,N,U,HYB
153,N,U,OB
154,N,U,PEC
197,N,U,OB
175,N,U,PEC
175,N,U,PEC
189,N,U,PEC
161,N,U,OB
161,N,U,OB
177,N,U,PEC
160,N,U,HYB
188,N,U,PEC
146,N,U,OB
183,N,U,PEC
171,N,U,PEC
163,U,U,PEC
295,N,U,OB
320,N,U,OB
333,Y,F,OB
225,N,U,PEC
324,N,U,OB
360,Y,F,OB
362,N,U,OB
300,N,U,OB
276,N,U,OB
280,N,U,HYB
285,N,U,OB
285,N,U,OB
297,Y,M,OB
230,N,U,OB
173,N,U,U
164,U,U,U
184,N,U,PEC
147,N,U,PEC
177,N,U,OB
162,N,U,PEC
165,N,U,PEC
319,N,U,HYB
271,N,U,OB
229,N,U,OB
256,N,U,PEC
331,N,U,OB
360,N,U,PEC
231,N,U,OB
178,N,U,PEC
297,N,U,HYB
273,Y,M,OB
284,Y,M,OB
168,N,U,PEC
162,N,U,PEC
174,N,U,OB
255,N,U,OB
157,N,U,U
170,N,U,PEC
360,N,U,OB
265,N,U,OB
173,N,U,OB
351,N,U,HYB
263,N,U,OB
205,N,U,OB
243,Y,M,PEC
176,N,U,PEC
272,Y,F,OB
231,Y,F,OB
247,N,U,OB
213,N,U,OB
214,N,U,OB
290,N,U,OB
211,N,U,OB
162,N,U,OB
265,N,U,PEC
167,N,U,OB
170,N,U,PEC
153,N,U,U
184,N,U,OB
240,N,U,OB
157,Y,F,OB
175,N,U,OB
293,Y,F,OB
356,N,U,OB
380,Y,F,OB
346,N,U,OB
353,N,U,OB
300,Y,M,HYB
278,N,U,HYB
346,N,U,OB
310,N,U,OB
330,N,U,OB
296,Y,F,OB
268,N,U,OB
277,Y,F,OB
235,Y,M,PEC
207,N,U,OB
217,N,U,OB
240,Y,F,PEC
166,N,U,OB
276,N,U,OB
266,N,U,OB
305,Y,M,OB
227,Y,F,OB
223,N,U,OB
205,N,U,OB
157,N,U,HYB
167,N,U,PEC
168,N,U,PEC
170,N,U,HYB
171,N,U,OB
175,N,U,OB
169,N,U,PEC
173,N,U,OB
167,N,U,OB
193,N,U,PEC
168,N,U,PEC
173,N,U,OB
160,N,U,PEC
165,N,U,PEC
179,N,U,PEC
168,N,U,OB
158,N,U,OB
158,N,U,OB
171,N,U,PEC
167,N,U,OB
266,N,U,PEC
273,N,U,PEC
291,N,U,HYB
290,Y,M,OB
297,Y,F,OB
269,Y,M,OB
208,N,U,HYB
271,N,U,HYB
213,N,U,PEC
226,N,U,OB
237,N,U,OB
223,N,U,OB
241,Y,M,OB
211,Y,F,OB
212,N,U,OB
262,N,U,PEC
287,Y,M,HYB
281,N,U,OB
283,Y,M,OB
294,Y,M,HYB
290,Y,M,OB
315,Y,F,OB
290,N,U,OB
315,Y,M,HYB
294,N,U,OB
290,Y,M,OB
319,Y,M,OB
277,Y,F,OB
240,Y,M,PEC
254,Y,M,OB
215,Y,F,OB
240,N,U,OB
216,N,U,OB
235,Y,F,OB
223,N,U,U
239,N,U,HYB
224,N,U,HYB
233,N,U,OB
227,Y,M,OB
247,Y,F,OB
267,N,U,HYB
244,N,U,OB
242,N,U,OB
247,N,U,OB
388,N,U,OB
386,N,U,OB
377,Y,M,OB
153,Y,F,OB
164,N,U,OB
180,N,U,OB
147,N,U,PEC
157,N,U,U
159,N,U,HYB
160,N,U,OB
161,N,U,PEC
187,N,U,OB
154,Y,F,OB
188,N,U,OB
152,N,U,OB
175,Y,M,OB
158,N,U,PEC
167,N,U,PEC
163,N,U,OB
165,N,U,OB
146,Y,F,OB
170,N,U,PEC
166,N,U,PEC
166,N,U,PEC
157,N,U,PEC
150,N,U,OB
256,N,U,PEC
159,N,U,U
165,N,U,PEC
216,N,U,OB
183,N,U,OB
167,N,U,OB
156,N,U,OB
160,N,U,OB
159,N,U,PEC
162,N,U,HYB
167,N,U,PEC
176,N,U,PEC
154,N,U,HYB
308,Y,M,OB
306,Y,F,OB
338,N,U,OB
294,N,U,OB
320,Y,F,OB
250,N,U,OB
345,N,U,OB
281,Y,M,HYB
268,Y,F,HYB
272,Y,F,OB
265,Y,F,PEC
284,Y,F,OB
320,Y,M,OB
276,N,U,OB
222,N,U,OB
225,N,U,OB
235,N,U,OB
210,N,U,OB
245,Y,M,PEC
203,N,U,OB
228,N,U,OB
247,N,U,PEC
212,Y,F,OB
219,N,U,OB
240,Y,M,PEC
225,N,U,OB
228,Y,F,OB
265,Y,M,HYB
235,Y,M,PEC
229,N,U,OB
264,Y,M,PEC
297,U,U,U
324,U,U,U
247,U,U,U
356,U,U,U
266,U,U,U
272,U,U,U
284,U,U,U
252,U,U,U
257,U,U,U
298,U,U,U
297,U,U,U
273,U,U,U
313,U,U,U
263,U,U,U
261,U,U,U
317,U,U,U
263,U,U,U
243,U,U,U
277,U,U,U
250,U,U,U
305,U,U,U
287,U,U,U
250,U,U,U
253,U,U,U
258,U,U,U
247,U,U,U
243,U,U,U
267,U,U,U
330,U,U,U
261,U,U,U
278,U,U,U
264,U,U,U
314,U,U,U
322,U,U,U
302,U,U,U
234,U,U,U
268,U,U,U
238,U,U,U
242,U,U,U
224,U,U,U
333,U,U,U
277,U,U,U
177,U,U,U
246,U,U,U
270,U,U,U
250,U,U,U
251,Y,M,U
299,N,U,U
313,N,U,U
293,N,U,U
246,N,U,U
256,N,U,U
227,N,U,U
272,Y,M,U
294,N,U,U
316,N,U,U
262,N,U,U
302,N,U,U
275,N,U,U
239,Y,M,U
230,N,U,U
248,Y,M,U
260,N,U,U
245,N,U,U
309,N,U,U
231,Y,M,U
230,N,U,U
291,Y,M,U
287,N,U,U
281,Y,M,U
287,Y,M,U
293,N,U,U
320,N,U,U
252,N,U,U
228,Y,M,U
302,N,U,U
269,Y,M,U
311,N,U,U
242,N,U,U
230,Y,M,U
228,Y,M,U
246,N,U,U
173,N,U,U
225,N,U,U
267,Y,F,U
267,N,U,U
257,Y,F,U
257,Y,F,U
244,N,U,U
356,N,U,U
236,N,U,U
259,N,U,U
290,Y,F,U
298,Y,M,U
262,Y,F,U
336,N,U,U
246,Y,M,U
330,Y,F,U
251,N,U,U
267,Y,M,U
206,N,U,U
230,N,U,U
295,N,U,U
221,N,U,U
224,N,U,U
319,N,U,U
246,N,U,U
220,N,U,U
237,N,U,U
220,N,U,U
160,N,U,U
229,N,U,U
225,N,U,U
211,N,U,U
218,N,U,U
209,N,U,U
224,N,U,U
245,N,U,U
237,N,U,U
219,N,U,U
223,N,U,U
361,N,U,U
233,N,U,U
237,N,U,U
223,N,U,U
271,N,U,U
330,N,U,U
257,Y,F,U
226,N,U,U
224,N,U,U
250,N,U,U
227,N,U,U
153,N,U,U
237,N,U,U
253,N,U,U
210,Y,M,U
200,N,U,U
239,N,U,U
238,N,U,U
165,N,U,U
240,N,U,U
257,N,U,U
247,N,U,U
260,Y,F,U
261,N,U,U
249,N,U,U
334,N,U,U
231,N,U,U
199,N,U,U
270,N,U,U
253,N,U,U
258,N,U,U
227,Y,M,U
167,N,U,U
239,N,U,U
234,Y,M,U
230,N,U,U
244,Y,F,U
283,N,U,U
222,Y,M,U
223,N,U,U
254,Y,F,U
235,Y,M,U
264,Y,M,U
244,Y,M,U
238,N,U,U
211,N,U,U
236,N,U,U
265,N,U,U
222,Y,M,U
248,Y,M,U
245,N,U,U
254,Y,M,U
246,Y,M,U
236,N,U,U
243,Y,M,U
234,Y,M,U
246,Y,M,U
233,Y,M,U
231,N,U,U
312,N,U,U
316,N,U,U
271,N,U,U
265,Y,M,U
277,Y,F,U
239,N,U,U
257,N,U,U
231,N,U,U
262,N,U,U
214,N,U,U
220,N,U,U
315,N,U,U
249,N,U,U
251,Y,M,U
233,N,U,U
291,N,U,U
304,N,U,U
257,Y,M,U
221,N,U,U
231,N,U,U
237,Y,M,U
231,N,U,U
266,Y,M,U
244,Y,M,U
240,N,U,U
240,N,U,U
262,Y,M,U
310,Y,M,U
277,Y,M,U
235,N,U,U
316,Y,M,U
252,Y,M,U
221,Y,M,U
251,Y,M,U
244,Y,M,U
313,N,U,U
257,Y,M,U
234,N,U,U
236,N,U,U
341,N,U,U
225,N,U,U
313,Y,M,U
336,Y,M,U
265,N,U,U
310,Y,M,U
247,Y,F,U
344,N,U,U
254,Y,F,U
292,N,U,U
247,Y,F,U
229,N,U,U
231,Y,M,U
249,Y,M,U
225,Y,F,U
238,Y,F,U
279,N,U,U
238,N,U,U
262,Y,F,U
225,Y,M,U
327,N,U,U
300,Y,M,U
228,N,U,U
242,Y,F,U
232,Y,M,U
222,Y,M,U
234,Y,M,U
275,Y,M,U
301,Y,M,U
232,Y,M,U
246,Y,M,U
245,Y,F,U
243,N,U,U
216,N,U,U
240,Y,M,U
254,Y,M,U
229,Y,F,U
257,Y,F,U
260,Y,F,U
255,N,U,U
250,N,U,U
337,N,U,U
342,N,U,U
302,N,U,U
246,N,U,U
209,N,U,U
257,N,U,U
292,N,U,U
284,Y,M,U
230,N,U,U
228,N,U,U
350,N,U,U
246,Y,F,U
248,Y,F,OB
263,Y,M,U
291,Y,M,U
338,N,U,U
271,Y,F,PEC
275,Y,F,PEC
219,N,U,U
240,Y,M,U
265,Y,F,PEC
141,N,U,OB
141,N,I,HYB
143,N,I,PEC
271,Y,F,OB
151,N,I,HYB
153,N,I,OB
153,N,I,OB
155,N,I,OB
156,N,I,PEC
156,N,I,HYB
280,U,U,U
420,Y,F,OB
250,Y,M,U
314,N,U,U
316,Y,F,OB
347,Y,F,OB
286,Y,M,U
344,Y,F,OB
207,N,U,U
253,N,U,U
281,Y,F,HYB
262,Y,M,U
319,Y,F,HYB
283,Y,F,OB
286,Y,M,U
270,Y,F,OB
327,Y,F,PEC
337,Y,F,HYB
352,Y,F,OB
261,N,U,U
246,N,U,U
258,N,U,U
260,N,U,U
352,Y,F,HYB
217,Y,M,U
366,Y,F,OB
262,N,U,U
244,Y,M,U
335,Y,F,OB
329,Y,F,PEC
321,Y,F,HYB
349,Y,F,HYB
224,N,U,U
333,Y,F,OB
223,Y,F,PEC
245,Y,F,PEC
327,Y,F,HYB
248,N,U,U
231,N,U,U
249,N,U,U
256,Y,M,U
241,Y,M,U
234,N,U,U
140,Y,F,U
254,N,U,U
225,N,U,U
140,N,U,U
157,N,I,HYB
157,N,I,HYB
158,N,I,OB
158,N,I,OB
158,N,I,PEC
158,N,I,HYB
159,N,I,PEC
160,N,I,OB
160,N,I,PEC
160,N,I,PEC
160,N,I,PEC
160,N,I,PEC
160,N,I,HYB
160,N,I,OB
160,N,I,HYB
237,Y,F,PEC
262,N,U,U
290,Y,M,U
277,Y,M,U
277,N,U,U
208,N,U,U
240,Y,F,PEC
246,Y,F,PEC
320,N,U,U
276,N,U,U
325,N,U,U
246,Y,F,OB
282,N,U,U
248,Y,F,PEC
286,Y,M,U
250,Y,F,PEC
272,N,U,U
254,Y,F,OB
313,Y,M,U
342,N,U,U
296,Y,M,U
298,Y,M,U
255,Y,F,PEC
160,N,F,PEC
161,N,I,OB
161,N,I,PEC
161,N,I,PEC
161,N,I,HYB
244,N,U,U
167,N,U,U
226,N,U,U
254,N,U,U
196,N,U,U
162,N,U,U
164,N,U,U
178,N,U,U
220,N,U,U
149,N,U,U
153,N,U,U
155,N,U,U
221,N,U,U
240,N,U,U
161,N,U,U
260,Y,F,PEC
223,N,U,U
236,N,U,U
175,N,U,U
260,N,U,U
162,N,U,U
210,N,U,U
275,N,U,U
266,Y,F,OB
269,Y,F,PEC
257,N,U,U
164,N,U,U
223,N,U,U
264,N,U,U
269,Y,F,HYB
261,N,U,U
232,Y,M,U
212,N,U,U
234,N,U,U
225,N,U,U
243,N,U,U
219,N,U,U
163,N,U,U
249,N,U,U
239,N,U,U
228,Y,M,U
208,N,U,U
228,N,U,U
236,N,U,U
232,N,U,U
226,N,U,U
207,N,U,U
158,N,U,U
232,Y,M,U
165,N,U,U
167,N,U,U
161,N,I,HYB
161,N,I,OB
161,N,I,PEC
162,N,I,OB
162,N,I,PEC
162,N,I,HYB
162,N,I,OB
162,N,I,OB
162,N,I,HYB
163,N,I,PEC
164,N,I,PEC
164,N,I,HYB
164,N,I,PEC
164,N,I,PEC
191,N,U,U
282,Y,M,U
345,Y,F,OB
334,Y,F,PEC
255,Y,F,PEC
315,Y,M,U
312,Y,M,U
292,N,U,U
307,Y,M,U
246,Y,F,OB
290,Y,M,U
312,Y,M,U
322,Y,F,OB
276,N,U,U
281,Y,F,PEC
269,Y,F,PEC
279,Y,M,U
310,Y,M,U
275,Y,M,U
243,Y,F,PEC
295,Y,M,U
260,N,U,U
310,Y,M,U
303,Y,M,U
301,Y,M,U
313,Y,M,U
209,N,U,U
310,Y,M,U
261,Y,M,U
236,N,U,U
314,Y,F,PEC
164,N,I,HYB
165,N,I,PEC
165,N,I,PEC
165,N,I,HYB
165,N,I,HYB
165,N,I,OB
166,N,I,PEC
167,N,I,PEC
167,N,I,OB
168,N,I,PEC
168,N,I,OB
168,N,I,PEC
168,N,F,PEC
169,N,I,OB
169,N,I,PEC
169,N,I,PEC
170,N,I,PEC
170,N,I,PEC
170,N,I,PEC
170,N,I,PEC
170,N,I,OB
170,N,I,PEC
171,N,I,PEC
171,N,I,PEC
166,N,U,PEC
250,N,U,PEC
207,N,U,PEC
205,N,U,OB
157,N,U,OB
280,N,U,PEC
239,Y,M,PEC
272,Y,M,OB
260,N,U,U
230,N,U,U
296,Y,M,OB
326,Y,F,PEC
327,Y,F,OB
332,Y,M,OB
237,Y,M,OB
236,N,U,U
330,Y,F,PEC
156,N,U,U
160,N,U,OB
292,Y,M,OB
356,Y,F,OB
269,Y,F,U
284,Y,F,U
332,Y,F,U
160,N,U,U
157,N,U,OB
317,N,U,OB
218,N,U,OB
317,Y,F,U
249,Y,F,PEC
245,Y,F,PEC
254,Y,F,PEC
324,Y,F,U
240,Y,F,PEC
240,Y,F,PEC
245,Y,F,PEC
249,Y,F,PEC
250,Y,F,PEC
258,Y,F,PEC
260,Y,F,PEC
272,Y,F,PEC
373,Y,F,HYB
268,Y,F,PEC
338,Y,F,HYB
282,Y,F,HYB
265,Y,F,PEC
307,Y,F,OB
274,Y,F,HYB
245,Y,F,PEC
317,Y,F,OB
311,Y,F,OB
383,Y,F,OB
242,Y,F,PEC
324,Y,F,HYB
303,Y,F,HYB
330,Y,F,OB
317,Y,F,PEC
323,Y,F,HYB
319,Y,F,OB
275,Y,F,OB
327,Y,F,OB
350,Y,F,HYB
331,Y,F,HYB
342,Y,F,OB
302,Y,F,HYB
305,Y,F,HYB
253,Y,F,HYB
269,Y,F,HYB
272,Y,F,HYB
274,Y,F,PEC
150,Y,F,OB
250,Y,F,U
277,Y,F,U
171,N,I,PEC
172,N,I,PEC
173,N,I,PEC
173,N,I,PEC
173,N,I,HYB
173,N,F,HYB
174,N,I,PEC
174,N,I,PEC
174,N,I,OB
170,N,I,OB
175,N,I,PEC
163,N,I,U
175,N,I,PEC
176,N,I,PEC
186,N,I,PEC
363,Y,F,U
259,Y,F,U
228,N,U,PEC
241,Y,M,PEC
245,N,U,U
269,Y,M,PEC
276,Y,M,OB
216,N,U,PEC
167,N,U,U
340,Y,F,PEC
337,Y,F,PEC
200,N,U,U
179,N,U,PEC
158,N,U,U
161,N,U,U
207,N,U,PEC
241,Y,M,PEC
235,N,U,PEC
329,Y,F,PEC
334,Y,F,OB
187,N,U,PEC
341,Y,F,PEC
153,N,U,U
229,Y,M,PEC
181,N,U,PEC
151,N,U,U
170,N,U,U
165,N,U,PEC
345,Y,F,HYB
322,Y,F,HYB
304,Y,F,PEC
343,Y,F,OB
332,Y,F,OB
323,Y,F,HYB
318,Y,F,OB
330,Y,F,OB
326,Y,F,PEC
295,Y,F,OB
303,Y,F,OB
270,Y,F,OB
262,Y,F,PEC
334,Y,F,PEC
326,Y,F,PEC
320,Y,F,OB
320,Y,F,OB
275,Y,F,PEC
252,Y,F,PEC
326,Y,F,PEC
340,Y,F,PEC
256,Y,F,PEC
274,Y,F,PEC
260,Y,F,PEC
291,Y,F,OB
296,Y,F,PEC
301,Y,F,PEC
301,Y,F,OB
305,Y,F,PEC
362,Y,F,HYB
269,Y,F,U
254,Y,F,U
338,Y,F,U
307,Y,F,U
314,Y,F,U
342,Y,F,U
322,Y,F,U
308,Y,F,U
276,Y,F,HYB
264,Y,F,PEC
291,Y,F,HYB
278,Y,F,U
262,Y,F,U
321,Y,F,U
273,Y,F,U
288,Y,F,U
330,Y,F,U
230,Y,F,U
311,Y,F,OB
335,Y,F,OB
261,Y,F,PEC
248,Y,F,PEC
327,Y,F,OB
294,Y,F,OB
264,Y,F,PEC
191,N,I,PEC
193,N,I,PEC
195,N,I,HYB
197,N,I,PEC
174,N,I,PEC
197,N,I,OB
197,N,I,PEC
198,N,I,PEC
201,N,I,PEC
203,N,I,PEC
203,N,I,OB
204,N,I,OB
207,N,M,PEC
207,N,I,PEC
208,N,M,OB
209,N,M,PEC
168,N,U,U
176,N,U,U
158,N,U,OB
184,N,U,U
165,N,U,OB
171,N,U,OB
170,N,U,PEC
329,Y,M,HYB
321,Y,M,HYB
319,Y,M,OB
212,N,U,PEC
228,N,U,PEC
275,Y,M,HYB
290,Y,M,HYB
277,Y,M,HYB
340,N,U,OB
309,Y,M,OB
273,Y,M,OB
263,Y,M,PEC
170,N,U,PEC
270,N,U,PEC
213,N,U,HYB
265,Y,M,HYB
295,Y,M,OB
255,Y,M,PEC
305,Y,M,OB
299,Y,M,OB
254,Y,M,OB
290,Y,M,OB
310,Y,M,OB
286,Y,M,OB
320,Y,M,OB
275,Y,M,OB
227,N,U,PEC
161,N,U,PEC
203,N,U,PEC
207,N,U,HYB
257,Y,M,OB
161,N,U,PEC
NA,U,U,U
209,N,I,PEC
209,N,I,HYB
210,N,I,PEC
210,N,I,OB
211,N,I,PEC
212,N,I,PEC
213,N,I,PEC
213,N,I,PEC
213,N,I,PEC
213,N,I,PEC
213,Y,M,OB
214,N,I,PEC
214,N,I,OB
214,N,I,OB
214,N,F,HYB
215,N,I,PEC
215,N,I,HYB
215,N,I,PEC
217,N,I,PEC
217,N,I,PEC
217,N,F,PEC
218,N,I,PEC
265,N,U,PEC
253,N,U,HYB
299,Y,M,OB
205,N,U,PEC
198,N,U,PEC
214,N,U,PEC
222,N,U,PEC
239,N,U,PEC
259,N,U,OB
162,N,U,U
173,N,U,PEC
280,N,U,OB
271,N,U,HYB
242,N,U,HYB
204,N,U,PEC
214,N,U,PEC
188,N,U,PEC
307,Y,M,OB
166,N,U,PEC
276,N,U,OB
227,N,U,HYB
302,Y,M,HYB
268,N,U,HYB
267,N,U,HYB
244,N,U,PEC
263,N,U,PEC
269,N,U,OB
165,N,U,U
211,N,U,PEC
164,N,U,PEC
278,Y,M,PEC
272,N,U,HYB
212,N,U,HYB
295,Y,M,OB
218,N,I,HYB
219,N,I,PEC
220,N,I,OB
221,N,M,PEC
221,N,I,HYB
221,N,I,OB
221,N,I,PEC
222,N,I,OB
222,N,M,PEC
223,N,M,PEC
223,N,M,PEC
223,N,I,PEC
225,N,I,OB
225,N,M,PEC
225,N,I,PEC
225,N,I,HYB
226,N,M,PEC
227,N,I,PEC
227,N,M,HYB
293,Y,M,PEC
218,N,U,OB
217,N,U,PEC
233,Y,M,PEC
216,Y,M,PEC
280,N,U,OB
266,Y,M,HYB
290,Y,M,OB
270,Y,M,HYB
256,Y,M,OB
309,N,U,OB
288,N,U,HYB
286,Y,M,OB
253,N,U,PEC
296,N,U,OB
285,Y,M,OB
285,Y,M,OB
295,Y,M,OB
304,Y,M,HYB
271,Y,M,HYB
292,Y,M,OB
298,Y,M,OB
281,Y,M,OB
280,Y,M,HYB
322,Y,M,OB
311,Y,M,OB
347,N,U,OB
271,Y,M,U
261,N,U,OB
323,Y,M,U
266,Y,M,OB
281,Y,M,HYB
245,N,U,HYB
287,Y,M,HYB
269,Y,M,PEC
270,Y,M,OB
249,Y,M,PEC
281,Y,M,OB
309,Y,M,OB
279,Y,M,U
278,Y,M,HYB
288,Y,M,HYB
259,Y,M,U
313,Y,M,OB
275,Y,M,HYB
280,Y,M,HYB
269,Y,M,HYB
298,Y,M,OB
258,Y,M,HYB
320,Y,F,PEC
247,Y,F,PEC
298,Y,M,HYB
321,Y,M,HYB
266,Y,M,HYB
276,N,U,HYB
318,N,U,OB
289,N,U,OB
258,Y,F,PEC
305,Y,F,OB
283,Y,M,HYB
287,Y,M,HYB
325,Y,M,HYB
294,Y,M,HYB
254,Y,F,HYB
329,Y,F,HYB
157,Y,M,U
273,Y,M,HYB
315,Y,F,OB
334,N,U,OB
330,Y,F,OB
224,Y,M,HYB
232,Y,F,PEC
312,Y,F,OB
324,N,U,HYB
322,Y,F,PEC
209,N,U,OB
331,Y,F,OB
313,Y,M,OB
285,N,U,HYB
221,Y,M,U
399,Y,F,PEC
227,N,M,HYB
227,N,M,PEC
228,N,I,OB
228,N,I,PEC
228,N,I,PEC
228,N,I,OB
229,N,M,PEC
229,N,I,PEC
230,N,M,PEC
230,N,M,PEC
231,N,F,PEC
231,N,F,PEC
231,N,M,OB
232,N,I,PEC
232,N,I,HYB
233,N,M,PEC
235,N,M,PEC
226,N,I,U
236,N,I,PEC
236,N,I,PEC
335,Y,F,U
237,N,I,PEC
218,Y,M,PEC
249,N,U,PEC
309,Y,F,U
214,Y,M,PEC
230,N,U,PEC
271,N,U,PEC
205,N,U,OB
220,N,U,PEC
208,N,U,PEC
329,Y,F,U
301,Y,M,HYB
250,Y,M,PEC
333,Y,F,U
273,N,U,OB
263,N,U,PEC
261,Y,M,PEC
280,Y,M,HYB
265,Y,F,U
156,N,U,OB
276,Y,F,U
224,N,U,PEC
254,N,U,HYB
276,Y,M,PEC
221,N,U,PEC
211,N,U,PEC
218,Y,M,HYB
208,N,U,OB
209,N,U,HYB
318,Y,F,U
238,Y,M,PEC
238,Y,M,PEC
238,N,M,PEC
239,N,M,PEC
239,N,M,PEC
158,N,U,PEC
162,N,U,U
153,N,U,PEC
334,Y,F,U
245,Y,F,U
260,N,U,PEC
330,Y,F,HYB
359,N,U,OB
277,Y,M,HYB
310,Y,F,HYB
320,Y,F,OB
292,Y,M,HYB
270,Y,M,HYB
339,Y,F,OB
209,N,U,PEC
269,Y,F,PEC
290,Y,M,HYB
277,Y,F,PEC
234,Y,M,PEC
294,Y,M,HYB
291,Y,M,PEC
234,N,U,PEC
280,Y,M,HYB
310,Y,F,OB
165,N,U,U
216,N,U,PEC
323,Y,F,PEC
239,N,I,PEC
239,N,F,PEC
239,N,M,OB
329,Y,F,OB
311,Y,F,HYB
241,N,M,PEC
241,N,M,PEC
204,U,U,U
258,N,U,PEC
237,Y,M,PEC
311,N,U,HYB
268,Y,M,PEC
306,N,U,HYB
268,Y,M,PEC
295,Y,M,HYB
273,Y,M,HYB
289,Y,M,HYB
353,Y,F,OB
280,Y,M,OB
341,Y,F,OB
318,Y,F,PEC
302,Y,M,PEC
287,Y,M,OB
300,N,U,HYB
312,Y,F,HYB
268,N,U,PEC
312,Y,F,HYB
262,Y,M,HYB
290,Y,F,PEC
285,Y,M,OB
280,Y,M,HYB
283,Y,F,PEC
330,Y,F,OB
238,Y,M,PEC
226,Y,M,PEC
263,Y,M,PEC
250,Y,M,PEC
242,Y,M,PEC
241,N,U,PEC
242,N,U,PEC
243,N,U,PEC
222,N,U,PEC
237,Y,M,PEC
242,N,U,PEC
246,Y,M,PEC
232,Y,M,PEC
233,N,U,PEC
323,Y,M,HYB
332,Y,F,OB
321,N,U,OB
274,Y,M,HYB
317,Y,M,OB
245,Y,M,PEC
303,Y,M,PEC
296,Y,M,HYB
270,N,U,PEC
345,Y,F,OB
322,Y,M,HYB
264,Y,F,U
250,N,U,PEC
274,Y,M,HYB
279,Y,M,HYB
270,Y,F,U
227,Y,M,PEC
255,Y,M,PEC
246,N,U,PEC
259,Y,F,U
326,Y,F,U
335,Y,F,U
235,Y,M,PEC
253,Y,M,PEC
325,N,U,HYB
249,Y,M,PEC
311,Y,M,OB
231,Y,M,PEC
237,Y,M,PEC
325,Y,F,U
259,Y,F,U
297,Y,M,OB
234,N,U,OB
260,Y,M,PEC
313,Y,M,OB
320,Y,F,U
230,Y,M,PEC
315,Y,M,OB
336,Y,M,HYB
310,Y,M,HYB
265,N,U,PEC
285,Y,M,HYB
324,Y,M,HYB
312,N,U,OB
332,Y,F,U
306,N,U,HYB
313,Y,M,OB
337,Y,F,U
290,Y,F,U
238,Y,M,PEC
225,Y,M,PEC
221,N,U,PEC
310,Y,F,U
310,Y,M,HYB
230,N,U,PEC
228,Y,M,PEC
242,Y,M,PEC
300,Y,M,OB
296,Y,M,HYB
253,N,U,PEC
235,Y,F,U
248,Y,M,PEC
234,Y,M,PEC
304,Y,M,OB
245,Y,M,PEC
312,Y,M,PEC
301,N,U,OB
247,Y,M,PEC
320,Y,M,HYB
290,Y,M,OB
234,Y,M,PEC
243,N,U,PEC
253,Y,M,PEC
315,Y,F,PEC
346,Y,F,PEC
329,Y,M,OB
212,N,U,PEC
295,Y,F,PEC
301,Y,M,HYB
294,Y,M,OB
313,Y,F,PEC
239,N,U,PEC
342,Y,F,PEC
310,Y,M,OB
302,Y,F,PEC
332,Y,M,OB
284,Y,M,OB
287,Y,M,HYB
300,Y,M,HYB
234,N,U,PEC
293,Y,M,HYB
318,N,U,OB
328,Y,M,HYB
338,Y,M,OB
323,Y,M,OB
291,Y,M,OB
304,Y,M,HYB
265,Y,F,PEC
273,Y,M,PEC
321,Y,M,HYB
316,Y,M,OB
243,Y,M,PEC
315,Y,M,OB
293,Y,M,OB
301,Y,M,HYB
255,Y,M,PEC
159,N,U,U
242,N,I,PEC
242,N,M,PEC
242,Y,M,PEC
242,N,I,OB
243,N,F,PEC
244,N,M,PEC
244,N,F,PEC
247,Y,F,PEC
340,Y,F,OB
266,Y,M,PEC
163,N,U,PEC
151,N,U,PEC
302,N,U,HYB
258,N,U,PEC
339,N,U,HYB
280,N,U,HYB
271,N,U,OB
327,N,U,PEC
277,Y,M,PEC
275,Y,M,OB
303,Y,M,PEC
317,Y,F,OB
167,N,U,OB
248,Y,M,PEC
355,Y,F,OB
238,N,U,PEC
224,N,U,OB
341,N,U,OB
265,Y,F,PEC
290,Y,M,PEC
210,N,U,PEC
206,N,U,OB
254,N,U,PEC
262,Y,M,PEC
242,Y,F,PEC
156,N,U,OB
266,Y,F,PEC
267,N,U,OB
291,Y,M,OB
324,N,U,PEC
299,Y,M,HYB
350,Y,F,OB
323,N,U,OB
262,Y,M,PEC
247,N,U,PEC
258,N,U,PEC
228,N,U,PEC
292,N,U,HYB
237,Y,M,PEC
329,N,U,OB
320,Y,F,PEC
293,Y,M,OB
238,Y,M,PEC
312,Y,F,PEC
161,N,U,U
312,Y,F,HYB
245,N,F,PEC
245,Y,M,PEC
245,N,M,PEC
245,N,F,PEC
306,Y,F,OB
246,N,I,PEC
246,N,F,PEC
335,Y,F,OB
247,N,M,PEC
247,N,M,PEC
248,N,M,PEC
330,Y,F,HYB
248,N,M,OB
310,Y,F,PEC
250,Y,M,PEC
250,N,M,PEC
260,Y,F,PEC
272,Y,F,OB
250,Y,M,PEC
275,Y,F,HYB
250,N,M,PEC
251,Y,M,OB
253,N,F,PEC
303,N,U,PEC
175,N,U,PEC
157,N,U,PEC
153,N,U,U
168,N,U,PEC
159,N,U,PEC
159,N,U,PEC
204,N,U,OB
178,N,U,HYB
161,N,U,PEC
283,Y,M,OB
257,U,U,HYB
291,N,U,HYB
348,N,U,HYB
327,N,U,HYB
326,N,U,OB
324,N,U,HYB
307,N,U,HYB
298,Y,M,OB
342,N,U,HYB
338,N,U,HYB
308,N,U,HYB
315,N,U,HYB
271,N,U,OB
247,N,U,HYB
338,N,U,OB
286,N,U,HYB
321,N,U,HYB
295,N,U,HYB
238,N,U,PEC
357,N,U,OB
321,N,U,HYB
318,N,U,OB
346,N,U,HYB
313,N,U,OB
182,N,U,U
309,N,U,HYB
333,N,U,HYB
183,N,U,PEC
217,N,U,OB
247,N,U,PEC
348,N,U,OB
212,N,U,HYB
270,Y,F,PEC
257,N,U,PEC
238,N,U,PEC
307,N,U,OB
321,N,U,HYB
327,N,U,OB
334,N,U,HYB
306,N,U,HYB
345,N,U,HYB
340,N,U,OB
299,N,U,OB
233,N,U,HYB
312,N,U,HYB
331,N,U,HYB
293,Y,M,OB
349,N,U,OB
319,N,U,OB
321,N,U,HYB
238,N,U,PEC
161,N,U,PEC
254,Y,M,OB
254,N,F,PEC
323,Y,F,OB
254,Y,M,PEC
254,N,U,PEC
255,N,M,PEC
330,Y,F,PEC
255,Y,M,PEC
256,Y,M,PEC
256,N,M,PEC
257,N,M,PEC
168,N,U,PEC
173,N,U,PEC
163,N,U,U
154,N,U,PEC
195,N,U,PEC
163,N,U,U
157,N,U,PEC
166,N,U,PEC
169,N,U,OB
154,N,U,U
155,N,U,OB
157,N,U,OB
159,N,U,PEC
320,N,U,PEC
281,Y,M,OB
268,N,U,OB
253,N,U,PEC
335,Y,F,PEC
171,N,U,U
355,N,U,OB
344,N,U,OB
220,N,U,HYB
219,N,U,OB
330,Y,F,HYB
159,N,U,U
296,N,U,HYB
250,Y,F,PEC
168,N,U,OB
310,N,U,HYB
270,Y,F,OB
212,N,U,HYB
381,Y,F,OB
260,Y,F,PEC
257,Y,F,PEC
327,N,U,OB
241,N,U,OB
335,N,U,HYB
255,Y,F,PEC
297,Y,M,HYB
314,Y,F,PEC
316,Y,M,OB
256,Y,M,PEC
321,Y,F,OB
203,N,U,HYB
297,Y,M,HYB
260,Y,M,HYB
280,Y,M,HYB
257,N,M,PEC
257,Y,M,PEC
257,N,F,PEC
257,N,I,PEC
257,Y,M,PEC
257,N,M,PEC
257,N,F,PEC
258,Y,M,PEC
258,N,F,PEC
258,N,M,OB
258,Y,M,OB
259,N,F,PEC
259,N,M,PEC
259,N,M,OB
259,N,M,OB
259,N,F,OB
259,N,F,PEC
240,Y,F,PEC
250,Y,F,PEC
249,N,U,HYB
213,N,U,HYB
160,N,U,PEC
171,N,U,PEC
163,N,U,OB
305,N,U,HYB
250,N,U,PEC
315,N,U,HYB
205,N,U,HYB
237,N,U,HYB
320,N,U,OB
317,N,U,HYB
305,N,U,PEC
213,N,U,HYB
226,N,U,PEC
322,Y,F,OB
221,N,U,OB
167,N,U,PEC
170,N,U,OB
172,N,U,PEC
310,N,U,OB
237,N,U,PEC
246,Y,M,PEC
322,N,U,HYB
326,N,U,HYB
334,N,U,OB
253,N,U,HYB
249,N,U,PEC
264,N,U,HYB
324,N,U,OB
250,N,U,PEC
323,N,U,HYB
241,N,U,HYB
240,N,U,PEC
253,N,U,PEC
311,N,U,HYB
239,N,U,PEC
295,N,U,HYB
337,N,U,HYB
310,N,U,OB
268,Y,F,PEC
306,N,U,OB
213,N,U,HYB
249,Y,M,PEC
300,Y,F,HYB
249,N,U,PEC
244,N,U,PEC
376,N,U,OB
293,N,U,HYB
233,N,U,PEC
286,Y,M,HYB
229,N,U,PEC
230,N,U,PEC
222,N,U,PEC
276,N,U,OB
229,N,U,PEC
314,N,U,OB
323,N,U,HYB
301,N,U,HYB
260,N,F,PEC
260,N,F,OB
261,N,F,PEC
261,N,F,PEC
261,N,I,PEC
261,N,I,PEC
261,N,I,OB
262,Y,M,OB
262,N,M,PEC
262,N,F,PEC
262,N,F,HYB
263,N,F,PEC
263,N,M,OB
263,N,M,HYB
263,N,M,HYB
264,N,F,OB
264,N,I,OB
264,N,F,PEC
265,N,I,PEC
265,N,I,OB
265,N,F,PEC
265,Y,M,OB
265,Y,M,OB
265,N,M,PEC
265,N,M,HYB
157,N,U,HYB
165,N,U,PEC
164,N,U,PEC
155,N,U,U
167,N,U,PEC
164,N,U,PEC
169,N,U,PEC
166,N,U,OB
159,N,U,PEC
255,N,U,HYB
174,N,U,HYB
150,N,U,PEC
156,N,U,OB
155,N,U,PEC
162,N,U,PEC
159,N,U,PEC
164,N,U,PEC
230,N,U,PEC
156,N,U,PEC
171,N,U,PEC
165,N,U,PEC
183,N,U,PEC
182,N,U,PEC
171,N,U,PEC
178,N,U,PEC
177,N,U,PEC
163,N,U,HYB
179,N,U,PEC
180,N,U,PEC
169,N,U,PEC
181,N,U,PEC
172,N,U,PEC
167,N,U,PEC
164,N,U,PEC
180,N,U,PEC
172,N,U,PEC
167,N,U,PEC
181,N,U,PEC
160,N,U,PEC
165,N,U,PEC
175,N,U,PEC
164,N,U,PEC
170,N,U,PEC
167,N,U,PEC
181,N,U,PEC
163,N,U,PEC
153,N,U,PEC
166,N,U,PEC
191,N,U,PEC
189,N,U,PEC
192,N,U,PEC
173,N,U,PEC
158,N,U,PEC
185,N,U,PEC
164,N,U,PEC
167,N,U,PEC
162,N,U,PEC
168,N,U,OB
175,N,U,PEC
178,N,U,PEC
166,N,U,PEC
188,N,U,PEC
171,N,U,PEC
157,N,U,PEC
163,N,U,PEC
156,N,U,PEC
161,N,U,PEC
183,N,U,PEC
170,N,U,PEC
254,N,U,PEC
237,N,U,PEC
244,N,U,PEC
151,N,U,HYB
186,N,U,PEC
245,N,U,PEC
170,N,U,PEC
173,N,U,PEC
238,N,U,PEC
259,N,U,PEC
286,N,U,PEC
207,N,U,HYB
242,N,U,PEC
177,N,U,PEC
252,N,U,PEC
295,N,U,OB
261,N,U,OB
243,N,U,PEC
238,N,U,PEC
252,N,U,PEC
225,N,U,PEC
254,N,U,PEC
236,N,U,PEC
257,N,U,PEC
254,N,U,PEC
235,N,U,PEC
238,N,U,PEC
280,N,U,PEC
251,N,U,PEC
336,N,U,OB
295,N,U,HYB
240,N,U,PEC
240,N,U,PEC
278,Y,M,OB
275,N,U,PEC
265,N,U,PEC
230,N,U,PEC
255,N,U,PEC
323,N,U,OB
250,N,U,PEC
224,N,U,HYB
250,N,U,PEC
274,N,U,PEC
242,N,U,PEC
256,N,U,PEC
214,N,U,PEC
227,N,U,PEC
214,N,U,PEC
226,N,U,PEC
255,N,U,PEC
248,N,U,PEC
271,N,U,PEC
314,N,U,HYB
242,N,U,PEC
271,N,U,PEC
245,N,U,PEC
256,N,U,PEC
320,N,U,HYB
310,N,U,PEC
307,N,U,OB
254,N,U,PEC
221,N,U,PEC
255,N,U,PEC
157,N,U,PEC
169,N,U,PEC
245,N,U,PEC
237,N,U,HYB
253,N,U,PEC
255,N,U,PEC
172,N,U,PEC
165,N,U,PEC
224,N,U,PEC
255,N,U,PEC
254,N,U,PEC
156,N,U,PEC
245,N,U,PEC
256,N,U,PEC
241,N,U,PEC
259,N,U,PEC
261,N,U,PEC
175,N,U,PEC
211,N,U,PEC
255,N,U,PEC
260,N,U,PEC
256,N,U,PEC
235,N,U,PEC
245,N,U,PEC
262,N,U,PEC
254,N,U,PEC
264,N,U,PEC
171,N,U,PEC
247,N,U,PEC
311,N,U,OB
258,N,U,PEC
261,N,U,PEC
245,N,U,PEC
237,N,U,PEC
170,N,U,PEC
249,N,U,PEC
359,N,U,HYB
228,N,U,HYB
305,N,U,OB
228,N,U,PEC
165,N,U,PEC
330,N,U,HYB
175,N,U,PEC
255,N,U,PEC
232,N,U,PEC
170,N,U,PEC
220,N,U,PEC
257,N,U,PEC
171,N,U,PEC
220,N,U,PEC
255,N,U,PEC
169,N,U,PEC
240,N,U,PEC
176,N,U,PEC
236,N,U,PEC
321,N,U,HYB
237,N,U,PEC
248,N,U,PEC
255,Y,M,PEC
242,N,U,PEC
204,N,U,PEC
164,N,U,PEC
266,N,U,PEC
247,N,U,PEC
165,N,U,PEC
247,N,U,PEC
180,N,U,PEC
266,N,F,PEC
267,Y,M,OB
267,N,M,OB
268,N,I,OB
269,N,F,OB
270,N,F,PEC
270,Y,M,HYB
270,Y,M,OB
271,N,F,PEC
272,N,M,OB
390,N,U,OB
304,Y,M,PEC
164,N,U,PEC
152,N,U,PEC
261,N,U,PEC
211,N,U,HYB
335,N,U,OB
261,N,U,PEC
310,N,U,OB
262,N,U,HYB
210,N,U,HYB
217,N,U,OB
303,N,U,HYB
300,N,U,OB
218,N,U,HYB
249,N,U,HYB
341,N,U,OB
305,N,U,HYB
313,N,U,OB
325,N,U,OB
304,N,U,OB
291,N,U,OB
216,N,U,HYB
211,N,U,HYB
278,N,U,HYB
295,N,U,HYB
278,N,U,PEC
268,N,U,OB
223,N,U,OB
263,Y,M,OB
331,N,U,OB
225,N,U,OB
298,Y,M,HYB
204,N,U,OB
222,N,U,OB
165,N,U,HYB
165,N,U,HYB
308,N,U,HYB
220,N,U,HYB
295,N,U,OB
293,N,U,HYB
296,N,U,PEC
317,N,U,HYB
261,N,U,HYB
298,N,U,OB
167,N,U,HYB
195,N,U,HYB
272,Y,M,OB
273,N,M,PEC
273,N,F,HYB
274,N,M,OB
274,N,M,PEC
275,Y,M,HYB
275,N,I,PEC
275,N,M,OB
181,N,U,PEC
164,N,U,PEC
244,N,U,PEC
236,N,U,PEC
176,N,U,HYB
179,N,U,HYB
239,N,U,OB
234,N,U,PEC
237,N,U,HYB
216,N,U,OB
223,N,U,OB
165,N,U,U
219,N,U,HYB
179,N,U,HYB
176,N,U,PEC
236,N,U,HYB
239,N,U,PEC
166,N,U,HYB
156,N,U,HYB
160,N,U,PEC
168,N,U,PEC
164,N,U,PEC
166,N,U,OB
172,N,U,HYB
165,N,U,PEC
175,N,U,PEC
218,N,U,OB
167,N,U,PEC
163,N,U,PEC
189,N,U,HYB
255,N,U,PEC
229,N,U,HYB
201,Y,M,HYB
252,N,U,HYB
230,N,U,OB
155,N,U,PEC
282,N,U,OB
171,N,U,PEC
254,N,U,PEC
270,N,U,PEC
260,N,U,OB
278,N,U,PEC
323,Y,M,OB
327,N,U,OB
276,Y,M,PEC
276,N,F,HYB
277,N,M,PEC
277,Y,M,HYB
279,Y,M,OB
280,N,F,OB
280,N,M,HYB
280,N,M,PEC
281,N,M,HYB
281,N,M,HYB
282,Y,M,HYB
282,N,M,PEC
283,Y,M,OB
283,N,I,PEC
284,N,M,PEC
285,Y,M,OB
285,N,M,HYB
285,Y,M,OB
286,U,F,PEC
246,U,U,U
285,Y,M,HYB
270,N,U,HYB
244,N,U,OB
267,Y,M,HYB
279,N,U,OB
265,N,U,HYB
251,N,U,PEC
260,N,U,HYB
199,N,U,PEC
273,N,U,OB
250,N,U,PEC
180,Y,M,PEC
307,Y,M,OB
256,N,U,OB
310,Y,M,OB
360,N,U,PEC
267,N,U,HYB
261,N,U,PEC
294,Y,M,OB
326,N,U,HYB
288,Y,M,PEC
284,N,U,HYB
190,N,U,PEC
242,N,U,PEC
154,Y,M,HYB
218,N,U,OB
233,N,U,PEC
240,N,U,PEC
238,N,U,PEC
286,Y,M,PEC
286,Y,M,PEC
289,Y,M,OB
289,N,M,PEC
290,N,M,OB
290,N,M,PEC
290,N,M,OB
292,N,M,HYB
293,Y,M,OB
294,Y,M,OB
294,N,F,HYB
295,N,F,PEC
295,Y,M,HYB
165,N,U,HYB
307,N,U,HYB
158,N,U,PEC
269,N,U,PEC
163,N,U,HYB
160,N,U,PEC
297,N,U,HYB
328,N,U,HYB
164,N,U,PEC
182,N,U,PEC
228,N,U,PEC
293,N,U,OB
301,N,U,HYB
306,N,U,OB
242,N,U,PEC
264,N,U,PEC
302,N,U,OB
167,N,U,PEC
273,N,U,PEC
212,N,U,HYB
154,N,U,HYB
223,N,U,PEC
255,N,U,PEC
316,N,U,HYB
260,N,U,PEC
247,N,U,PEC
331,N,U,HYB
180,N,U,PEC
287,N,U,OB
289,N,U,HYB
225,N,U,HYB
309,N,U,OB
242,N,U,OB
246,N,U,PEC
159,N,U,PEC
347,N,U,OB
183,N,U,PEC
189,N,U,PEC
312,N,U,HYB
252,N,U,PEC
183,N,U,PEC
244,N,U,PEC
243,N,U,PEC
247,N,U,PEC
225,N,U,OB
346,N,U,HYB
289,N,U,OB
253,N,U,HYB
282,Y,M,OB
335,N,U,HYB
333,N,U,HYB
212,N,U,PEC
252,N,U,PEC
267,N,U,HYB
259,N,U,PEC
240,N,U,PEC
270,Y,M,OB
269,N,U,HYB
164,N,U,PEC
251,N,U,HYB
234,N,U,HYB
224,N,U,PEC
275,N,U,OB
290,N,U,OB
248,N,U,PEC
273,N,U,OB
317,N,U,HYB
261,N,U,HYB
276,N,U,HYB
250,N,U,PEC
166,N,U,HYB
175,N,U,PEC
230,N,U,HYB
265,N,U,PEC
304,N,U,OB
287,N,U,OB
291,N,U,OB
155,N,U,HYB
232,N,U,HYB
317,N,U,OB
190,N,U,PEC
287,N,U,OB
268,N,U,OB
235,N,U,HYB
263,N,U,OB
269,N,U,HYB
248,N,U,PEC
316,N,U,OB
267,N,U,OB
285,N,U,OB
287,N,U,HYB
268,N,U,OB
204,N,U,PEC
242,N,U,PEC
316,N,U,OB
257,N,U,PEC
233,N,U,HYB
295,N,M,HYB
299,N,M,HYB
301,N,F,HYB
303,N,F,HYB
303,N,M,HYB
306,Y,M,HYB
307,Y,M,OB
307,N,M,OB
309,Y,M,PEC
310,N,F,HYB
311,N,F,PEC
313,N,M,HYB
315,N,F,OB
320,N,F,PEC
320,N,M,HYB
262,Y,F,PEC
328,N,F,OB
282,Y,F,PEC
282,Y,F,OB
331,Y,F,OB
377,Y,F,OB
332,N,F,OB
332,N,F,OB
334,N,F,PEC
336,N,F,OB
339,Y,M,HYB
357,Y,F,OB
347,N,F,OB
336,Y,F,OB
328,Y,F,PEC
362,N,F,HYB
308,Y,F,OB
366,N,F,OB
350,Y,F,OB
